,par,err
0,0.28342886712234916,0.05574136572250386
1,0.003806206034245509,0.00016241586296811348
2,-4.016725529995884e-06,1.8877123453279928e-07
3,2.4023609066138957e-09,1.1173383151143385e-10
4,-7.088535959514659e-13,3.545151977820145e-14
5,1.0783386393733082e-16,5.710220918382224e-18
6,-6.544045199374979e-21,3.647389208815976e-22
