,par,err
0,0.1626365258447394,0.03923517346658661
1,0.0038288073692363434,0.00011432118132322162
2,-3.943840516745146e-06,1.3287230556477954e-07
3,2.2780368630275722e-09,7.864729564812717e-11
4,-6.665894648895464e-13,2.4953668386319182e-14
5,1.0074675489401002e-16,4.0193224640418376e-18
6,-6.07271998257012e-21,2.567334139325668e-22
