,par,err
0,-0.6373110348411083,0.05013342853291242
1,0.0062735906601616475,0.0001460758280404091
2,-6.634792440336907e-06,1.6977974099160052e-07
3,3.804797766112615e-09,1.0049278627552873e-10
4,-1.1078149495893785e-12,3.1884908317988315e-14
5,1.6483734901238726e-16,5.13574337535804e-18
6,-9.733283198206501e-21,3.2804435011345775e-22
