,par,err
0,1.7597996837921555,0.021781722393361843
1,-0.0004563986190235744,6.346634030610078e-05
2,6.323031347528052e-07,7.376515056039198e-08
3,-2.049566525141718e-10,4.366168448764925e-11
4,5.383255621767741e-14,1.385322793988472e-14
5,-5.079460796963471e-18,2.23135826261249e-18
6,6.765914522429201e-23,1.42527517183146e-22
