,par,err
0,0.5947075533018767,0.02733415265725775
1,0.002145832226790397,7.96446445002859e-05
2,-1.8952482271251656e-06,9.256868662965547e-08
3,1.0264648001899243e-09,5.479149300833632e-11
4,-2.8232275953844323e-13,1.7384549310253354e-14
5,4.138901449033836e-17,2.8001518833910704e-18
6,-2.4725894842289473e-21,1.7885902051742913e-22
