,par,err
0,0.43916332777267697,0.026603096438794317
1,0.0028156217921137846,7.751452451048591e-05
2,-2.7444179260467346e-06,9.009289294959987e-08
3,1.5560588555058074e-09,5.332605773814692e-11
4,-4.4770808933375196e-13,1.6919584581335035e-14
5,6.719364954524396e-17,2.7252588887850103e-18
6,-4.041776338762522e-21,1.7407521653563675e-22
