,par,err
0,-0.5009253747376926,0.05230499097402952
1,0.0059137271597451534,0.0001524031902451831
2,-6.256888360753261e-06,1.7713383945956164e-07
3,3.6028252319067656e-09,1.0484567589315063e-10
4,-1.0501498080816741e-12,3.326601586839098e-14
5,1.5673257119542415e-16,5.358199865592936e-18
6,-9.313911137438678e-21,3.4225368912651933e-22
