,par,err
0,-0.08238075105170026,0.027039857589719656
1,0.003978972420318246,7.878713238002689e-05
2,-3.869406473507181e-06,9.157200929425578e-08
3,2.105696975001602e-09,5.4201549468297505e-11
4,-5.974172463142946e-13,1.7197366341640524e-14
5,8.790038735636401e-17,2.770001748727042e-18
6,-5.180527725818037e-21,1.769331799582908e-22
