,par,err
0,0.5532701913102132,0.023284014452374383
1,0.0029026437115441442,6.784358742896415e-05
2,-3.005047167166221e-06,7.885265482723514e-08
3,1.8022797945777755e-09,4.6672960556275306e-11
4,-5.317541019908237e-13,1.480865642462002e-14
5,8.136410328353738e-17,2.3852495642642693e-18
6,-4.978827731613275e-21,1.523572436661417e-22
