,par,err
0,0.7379571255410169,0.008419002549000323
1,0.0012001841972539779,2.4530799169098977e-05
2,-6.41306498269501e-07,2.851144990346227e-08
3,2.4827781312844517e-10,1.6875957169252814e-11
4,-4.516565240969937e-14,5.354498356929986e-15
5,5.368939645523022e-18,8.62456143932327e-19
6,-3.221569286737465e-22,5.50891863407486e-23
