,par,err
0,0.8405382392363784,0.02590945267794197
1,0.002146145470283528,7.54934360225879e-05
2,-2.223849604598899e-06,8.774385582477219e-08
3,1.4002574216679501e-09,5.19356729036085e-11
4,-4.2362777919763097e-13,1.647843996898996e-14
5,6.692700013898532e-17,2.6542039625687612e-18
6,-4.218389398958832e-21,1.6953665256091892e-22
