,par,err
0,0.2672173020651822,0.018418233967735655
1,0.0024816639833778334,5.366596238910196e-05
2,-2.029602767992052e-06,6.237440555615404e-08
3,1.0120854583799734e-09,3.691946433379728e-11
4,-2.696319034230408e-13,1.1714010921895335e-14
5,3.8726923834580583e-17,1.8867905981266833e-18
6,-2.2826975250405435e-21,1.205182714948379e-22
