,par,err
0,1.5908744183761863,0.02282076705732617
1,0.00029272402508187485,6.649382959715321e-05
2,-2.5230497679795724e-07,7.728390368889357e-08
3,3.4767413704599156e-10,4.574443689042796e-11
4,-1.0719306398534938e-13,1.451405631105609e-14
5,1.8298654295194845e-17,2.3377991085910675e-18
6,-1.2613072370200467e-21,1.4932643388813442e-22
