,par,err
0,-0.8334363608859612,0.03862784772538195
1,0.005726842625080317,0.00011255154992471299
2,-5.608405273166475e-06,1.3081544688808297e-07
3,2.988641651035738e-09,7.742979253259276e-11
4,-8.427377773921684e-13,2.4567357308528683e-14
5,1.222650473061007e-16,3.9570965786259356e-18
6,-7.067707502991888e-21,2.5275862459824405e-22
