,par,err
0,0.8784510440487739,0.02608470727081292
1,0.0020143689111137763,7.600408900927636e-05
2,-2.0406397396730755e-06,8.833738038179022e-08
3,1.272243080271275e-09,5.2286983417199784e-11
4,-3.7692682839137677e-13,1.6589906120313064e-14
5,5.854517327494294e-17,2.672157972867089e-18
6,-3.6370350355324186e-21,1.7068345658488024e-22
