,par,err
0,1.0248153221093257,0.029461209372459368
1,0.0012401639297128272,8.584234582310999e-05
2,-1.0581429998116567e-06,9.977211162903574e-08
3,6.396547280971864e-10,5.905521706888312e-11
4,-1.8163491035942534e-13,1.8737370934813423e-14
5,2.8127797862547e-17,3.0180533165924578e-18
6,-1.7831270051566747e-21,1.9277746951077992e-22
