,par,err
0,0.1637850913157026,0.018623311785488518
1,0.0027475626529760693,5.42635025706525e-05
2,-2.2988038989962635e-06,6.306890460518595e-08
3,1.149429239921556e-09,3.733053716683068e-11
4,-3.069505236308677e-13,1.1844437308097082e-14
5,4.3870813131051457e-17,1.9077983831968093e-18
6,-2.5644587256707967e-21,1.2186012828383162e-22
