,par,err
0,1.616232887076362,0.015528407960201406
1,-0.00035514179675903387,4.524577197840967e-05
2,6.538618967954888e-07,5.2587875905984446e-08
3,-2.93513117071246e-10,3.112681986737891e-11
4,9.026792427231651e-14,9.876091816795385e-15
5,-1.1980958793250098e-17,1.5907550323108185e-18
6,5.593848034246149e-22,1.0160909026567462e-22
