,par,err
0,0.8943074123391154,0.025693741718105893
1,0.0019896758913371007,7.486490723881772e-05
2,-2.0392796578007548e-06,8.701332872366227e-08
3,1.2886377499920635e-09,5.1503268278835466e-11
4,-3.8776263763791683e-13,1.63412418874324e-14
5,6.128010287706372e-17,2.6321048298300882e-18
6,-3.8933825809890795e-21,1.6812505047430074e-22
