,par,err
0,-0.023054421389999587,0.01724197354223608
1,0.0037698152827597667,5.023865374773245e-05
2,-3.5903701681526004e-06,5.839095610068278e-08
3,1.923186383777217e-09,3.456166622488259e-11
4,-5.354922975221612e-13,1.0965918562282799e-14
5,7.758092522374937e-17,1.766294843654121e-18
6,-4.522664059692711e-21,1.1282166020885077e-22
