,par,err
0,-0.10396179775488364,0.018890025300808924
1,0.003763474793397314,5.5040635848022836e-05
2,-3.519759943341399e-06,6.397214948554498e-08
3,1.8698050088942064e-09,3.786517458168928e-11
4,-5.257574114564625e-13,1.201407254632376e-14
5,7.735426420645415e-17,1.9351221918937427e-18
6,-4.5810755127732734e-21,1.2360545568348683e-22
