,par,err
0,0.059302742519595504,0.029427507620759925
1,0.004412864044080839,8.574415464899761e-05
2,-4.664660383482057e-06,9.965802124533492e-08
3,2.75280785472311e-09,5.898772186724305e-11
4,-8.110787844511046e-13,1.8715971570513756e-14
5,1.2323584743473856e-16,3.014609629625455e-18
6,-7.480709313507467e-21,1.9255773885599764e-22
