,par,err
0,0.5468016867771393,0.017620570705446
1,0.002477952037341,5.1341782482448636e-05
2,-2.3279478783394544e-06,5.967308245631162e-08
3,1.2986072983736013e-09,3.532055317171279e-11
4,-3.640866954216661e-13,1.120670098456543e-14
5,5.376958962007026e-17,1.8050777602272745e-18
6,-3.2187369663524938e-21,1.1529889630196716e-22
