,par,err
0,0.1281496864245764,0.013221490433805796
1,0.003925451350865506,3.852400746726524e-05
2,-4.05217389367502e-06,4.4775365782860755e-08
3,2.3397250811798256e-09,2.650259396840342e-11
4,-6.854486266105686e-13,8.40889493442502e-15
5,1.0375157580134612e-16,1.3544323827093324e-18
6,-6.27494002152808e-21,8.651408952798477e-23
