,par,err
0,-0.8260655658161787,0.029254195112558553
1,0.006786305728117681,8.523915144016697e-05
2,-7.176198302768264e-06,9.90710233166872e-08
3,4.086663812664103e-09,5.864023368130052e-11
4,-1.1840019735344241e-12,1.8605700165215526e-14
5,1.7518668793684427e-16,2.9968444767407096e-18
6,-1.030996104207077e-20,1.914227293051977e-22
