,par,err
0,-0.757537610144335,0.029598809080799666
1,0.006599562533130603,8.624326768540893e-05
2,-6.9807212776815735e-06,1.0023808605538671e-07
3,3.98737040289755e-09,5.933102539262127e-11
4,-1.1583104886128982e-12,1.8824880506517263e-14
5,1.7182912966939237e-16,3.032148492616881e-18
6,-1.0118350077464184e-20,1.9367778762294346e-22
