,par,err
0,0.5244835687552798,0.013402342802578997
1,0.0018173834453890899,3.90509479055017e-05
2,-1.3491592448719653e-06,4.538778800127843e-08
3,6.591499057986358e-10,2.6865070242229303e-11
4,-1.7214198598087003e-13,8.523897756666394e-15
5,2.5197271804328074e-17,1.3729551446732292e-18
6,-1.5509042896592404e-21,8.769717142848606e-23
