,par,err
0,0.5981201719139418,0.011679936259902038
1,0.0026690288112452636,3.403230632557141e-05
2,-2.7207256215541566e-06,3.955476798587038e-08
3,1.6270860894876087e-09,2.3412500712363635e-11
4,-4.830956313812842e-13,7.428447177105926e-15
5,7.493400658201523e-17,1.1965094483604748e-18
6,-4.667999158682633e-21,7.642674041033437e-23
