,par,err
0,-0.04335521040437892,0.02085947379422389
1,0.003599283598081295,6.077902588971261e-05
2,-3.333609399081672e-06,7.064165947816562e-08
3,1.7569014377894169e-09,4.181286375792958e-11
4,-4.876682553334997e-13,1.3266630475715667e-14
5,7.073864238185583e-17,2.1368772040655652e-18
6,-4.13255974773709e-21,1.3649284238365049e-22
