,par,err
0,0.5660249593607586,0.031545409154681806
1,0.0028641952215202287,9.19151583913527e-05
2,-2.9612836396817895e-06,1.0683035695036917e-07
3,1.778740663248665e-09,6.323299049322831e-11
4,-5.257730510571551e-13,2.0062915211118938e-14
5,8.071148669463849e-17,3.2315598228817734e-18
6,-4.9557558239968536e-21,2.0641510150874597e-22
