,par,err
0,-0.13561779021137482,0.015765418756423906
1,0.004090246392398875,4.5936327674596524e-05
2,-3.956830427242198e-06,5.339044862612487e-08
3,2.137516726382525e-09,3.1601837736462985e-11
4,-6.02579063321488e-13,1.0026800375350294e-14
5,8.812478059514388e-17,1.6150287292110425e-18
6,-5.163277577315698e-21,1.0315950634687831e-22
