,par,err
0,1.0595920585523824,0.021148913698854174
1,0.0017965743666003458,6.162245809229504e-05
2,-1.9476007298389457e-06,7.162201389021028e-08
3,1.3183625709460796e-09,4.2393136190604174e-11
4,-4.038543741265608e-13,1.3450729380807229e-14
5,6.403884278555236e-17,2.1665263494897876e-18
6,-4.037090121170084e-21,1.3838634278654282e-22
