,par,err
0,0.9337160429979339,0.018820448958597368
1,0.0007122832445017918,5.4838085787949064e-05
2,-1.666027163704214e-07,6.373692753605634e-08
3,1.9294061612440264e-11,3.77260514043214e-11
4,1.2303658757550063e-14,1.196995985357606e-14
5,-1.7473221550796304e-18,1.9280207509346052e-18
6,2.058695935979148e-23,1.2315204927358679e-22
