,par,err
0,1.751830057000377,0.007699034600820477
1,-0.0003316934814030955,2.243298065938693e-05
2,4.6352276924297897e-07,2.6073199451144897e-08
3,-8.212768228280182e-11,1.5432747705794883e-11
4,1.3075219520028137e-14,4.8965877927334486e-15
5,2.0105762115712873e-18,7.886998712898336e-19
6,-4.186422275693326e-22,5.037802903383146e-23
