,par,err
0,0.8601167556222212,0.01894278495240314
1,0.0023393936144845435,5.519437299170557e-05
2,-2.52661847807059e-06,6.415084228874411e-08
3,1.6250590583996592e-09,3.797094933213109e-11
4,-4.881516579745412e-13,1.204763600506384e-14
5,7.544035990514274e-17,1.940528758770322e-18
6,-4.6397183398142735e-21,1.2395083168346798e-22
