,par,err
0,1.5464063297746262,0.0202564574021791
1,0.0005156609683425006,5.9022063941530596e-05
2,-6.053782263421582e-07,6.85996400062878e-08
3,6.022736830101666e-10,4.0604183156428454e-11
4,-1.9897129455566566e-13,1.2883117900536255e-14
5,3.428810871955649e-17,2.0750999871082346e-18
6,-2.3316276408204828e-21,1.325464720064348e-22
