,par,err
0,1.2266734927066822,0.009235917096688528
1,0.0006948694207503011,2.6911077334756207e-05
2,-4.796898706021366e-07,3.127798199478828e-08
3,3.333769863723985e-10,1.8513473034196336e-11
4,-9.691400619726244e-14,5.8740597545532995e-15
5,1.6569698409977548e-17,9.46142793846673e-19
6,-1.168534626099452e-21,6.04346662498628e-23
