,par,err
0,1.3100228824044209,0.012469689074785883
1,0.0002380248172570884,3.63334314909026e-05
2,1.249212568439977e-07,4.222930081298099e-08
3,-5.700743745230597e-11,2.4995568063351487e-11
4,2.7322598548791056e-14,7.930737192396855e-15
5,-3.2896142019537993e-18,1.2774152798094667e-18
6,7.59304726390642e-23,8.159469158042399e-23
