,par,err
0,0.3386810565540563,0.025074519523060262
1,0.0033462884261104874,7.306066506106741e-05
2,-3.4199954622287736e-06,8.49163264684951e-08
3,1.991929913352271e-09,5.026206031800194e-11
4,-5.84274621799988e-13,1.5947428368520177e-14
5,8.897653077053187e-17,2.5686733988598193e-18
6,-5.423057001126374e-21,1.640734183026833e-22
