,par,err
0,1.361400942597721,0.01125307250864341
1,0.000719118002327426,3.2788536283163377e-05
2,-6.68829343341905e-07,3.810917252828477e-08
3,5.418213914849642e-10,2.2556854490790857e-11
4,-1.7166442339968125e-13,7.156964299220984e-15
5,2.976430433541537e-17,1.152781625671545e-18
6,-2.0692364062143737e-21,7.363365813800647e-23
