,par,err
0,0.35990141672844755,0.006654861332878798
1,0.0025219770772381845,1.9390544163864145e-05
2,-2.1931093530661196e-06,2.253707451708887e-08
3,1.146757892709535e-09,1.3339715892812809e-11
4,-3.141396552122684e-13,4.232499096747846e-15
5,4.587645535090379e-17,6.817340844636537e-19
6,-2.726697280785869e-21,4.3545596105804776e-23
