,par,err
0,0.33998413843356645,0.006691204573924846
1,0.0022708721112984667,1.9496434227447027e-05
2,-1.7914398650921413e-06,2.266014111025509e-08
3,8.777800826650021e-10,1.341255525660992e-11
4,-2.296618007382556e-13,4.255608696775466e-15
5,3.2765194120985627e-17,6.854561788700549e-19
6,-1.9326546855445263e-21,4.3783331079203994e-23
