,par,err
0,1.1650958263038016,0.009059918672687368
1,0.0008922386041213082,2.6398254420456637e-05
2,-7.274720645187513e-07,3.068193024417018e-08
3,4.887267867434828e-10,1.8160660427833107e-11
4,-1.4788937206216403e-13,5.762114192070903e-15
5,2.480698519275376e-17,9.28111015483186e-19
6,-1.6778819477850367e-21,5.928285200936932e-23
