,par,err
0,1.1496929451616795,0.013223418243187521
1,0.0006564110737990534,3.8529609397337764e-05
2,-3.094899283186828e-07,4.478185262632474e-08
3,1.7238666704444013e-10,2.6506416940170922e-11
4,-3.770447026553579e-14,8.41010242568684e-15
5,6.135001943714577e-18,1.3546260851589019e-18
6,-4.710269551821387e-22,8.652641705079846e-23
