,par,err
0,1.0437847970566303,0.008324194144316016
1,0.001200748093412669,2.425454707128444e-05
2,-1.0365491066571252e-06,2.8190366661774974e-08
3,6.444337047237719e-10,1.6685906150526235e-11
4,-1.895306935437387e-13,5.294197675526521e-15
5,3.045313321278528e-17,8.527434180108407e-19
6,-1.9857100629076535e-21,5.446878861498898e-23
