,par,err
0,1.2679261455883664,0.01769999356657284
1,0.0012405742083836406,5.1573203411365485e-05
2,-1.3490044587458479e-06,5.994206197390728e-08
3,9.852588050283722e-10,3.547976756285598e-11
4,-3.030515290935588e-13,1.1257219243751873e-14
5,4.843129662049044e-17,1.8132151355981986e-18
6,-3.083090740737178e-21,1.1581869182874888e-22
