,par,err
0,-1.7398088784113446,0.050813547586841104
1,0.008170210091754108,0.0001480575154135734
2,-8.234120738886628e-06,1.7208299325569147e-07
3,4.424875095338599e-09,1.0185607848236228e-10
4,-1.2635902078051385e-12,3.2317460207381653e-14
5,1.8480568500442282e-16,5.2054149117844896e-18
6,-1.0744557255673986e-20,3.3249460612928547e-22
