,par,err
0,-0.3009343836331685,0.02204059278616678
1,0.004028595484189497,6.422058120796686e-05
2,-3.7081511994841437e-06,7.464174157957258e-08
3,1.9377977427492542e-09,4.4180518567159694e-11
4,-5.423373351648638e-13,1.4017841424378983e-14
5,7.930266097676039e-17,2.2578721103072515e-18
6,-4.6586827100578746e-21,1.4422105046001238e-22
