,par,err
0,-1.96806474748695,0.04741813050789809
1,0.008796168848131345,0.00013816414900202868
2,-8.916658135873882e-06,1.605842229134666e-07
3,4.802079664935556e-09,9.504995076806219e-11
4,-1.3745473169042057e-12,3.0157975939509375e-14
5,2.011951878774089e-16,4.857584336326768e-18
6,-1.1690334413293881e-20,3.1027702462376616e-22
