,par,err
0,0.04772216070086312,0.03878331836383748
1,0.003409442171138276,0.00011300446367255345
2,-3.190274331723749e-06,1.3134175083444535e-07
3,1.7106518492043536e-09,7.774125756707231e-11
4,-4.825450473135893e-13,2.4666167197944465e-14
5,7.095703620020678e-17,3.973010364983147e-18
6,-4.180886722141166e-21,2.5377503060414977e-22
