,par,err
0,0.06972134011590338,0.04709013715985129
1,0.004244774176790314,0.0001372084398423014
2,-4.4892283729174e-06,1.5947328740031854e-07
3,2.6380510779303878e-09,9.439224319034644e-11
4,-7.841685603862813e-13,2.9949238838261104e-14
5,1.1995111405214371e-16,4.823952893956234e-18
6,-7.291816769210037e-21,3.0812818212557775e-22
