,par,err
0,-1.119041797983344,0.05371397272835404
1,0.006758891423257238,0.00015650862296013096
2,-6.832737280691406e-06,1.8190549570488423e-07
3,3.7082423712684194e-09,1.0767003700079147e-10
4,-1.0601117788978914e-12,3.4162147312631794e-14
5,1.5544613122849415e-16,5.5025411980610206e-18
6,-9.073350617475147e-21,3.5147346651759864e-22
