,par,err
0,-1.8370479175857763,0.06641146107044035
1,0.009341113890153182,0.00019350581199351793
2,-9.901957228827821e-06,2.2490626368426735e-07
3,5.55261112659283e-09,1.331222306279707e-10
4,-1.6211622444818147e-12,4.22377614184986e-14
5,2.4135066901239214e-16,6.803290915653211e-18
6,-1.424853780651083e-20,4.345585491775965e-22
