,par,err
0,-0.6430578421511927,0.054609804554300964
1,0.005503814522358032,0.00015911881266748005
2,-5.520311640475376e-06,1.8493920503260398e-07
3,3.0137804319287403e-09,1.094656712904255e-10
4,-8.644331904211255e-13,3.473187091327967e-14
5,1.2761290259770541e-16,5.5943066337255084e-18
6,-7.508407170839066e-21,3.5733493023753594e-22
