,par,err
0,0.5015661679577442,0.04677663793723858
1,0.003323944363902711,0.00013629499877926664
2,-3.609341717947059e-06,1.584117557036912e-07
3,2.238014576932633e-09,9.376406265024055e-11
4,-6.774865056065879e-13,2.974998226680866e-14
5,1.0551658542432848e-16,4.791868358875668e-18
6,-6.5194920189262635e-21,3.0607944664970475e-22
