,par,err
0,0.8188447629189303,0.026640410364489928
1,0.0018064700604327837,7.762326209753963e-05
2,-1.675330897035708e-06,9.02192991337025e-08
3,9.792782006755022e-10,5.340089259805521e-11
4,-2.808329497107032e-13,1.6943333595070135e-14
5,4.268425420493904e-17,2.729084956309433e-18
6,-2.618333024010058e-21,1.7431965089549095e-22
