,par,err
0,-0.5899396209694636,0.06271177717880536
1,0.006010783765683895,0.00018272587264599858
2,-6.36610098599667e-06,2.1237703376734473e-07
3,3.6475254067233276e-09,1.257061649783074e-10
4,-1.0731180680930278e-12,3.988475145509884e-14
5,1.6165439299603216e-16,6.424289042775662e-18
6,-9.669209414580687e-21,4.1034994387381085e-22
