,par,err
0,-1.7424711048228338,0.044241137051641295
1,0.008443969591132338,0.00012890720476791317
2,-8.646986653505501e-06,1.4982512985830312e-07
3,4.700725195601743e-09,8.868162410083366e-11
4,-1.3500560593685989e-12,2.813739506973488e-14
5,1.9818646060751595e-16,4.532126144178797e-18
6,-1.154920396766332e-20,2.8948842236493626e-22
