,par,err
0,-2.5663044965427453,0.05177068660677548
1,0.011277370705542569,0.00015084638582797612
2,-1.1947783065532086e-05,1.7532444658941742e-07
3,6.651062984826774e-09,1.0377471834139976e-10
4,-1.936640261878659e-12,3.292622464211668e-14
5,2.8716695602081603e-16,5.303470638055844e-18
6,-1.6861670820638546e-20,3.3875796578663377e-22
