,par,err
0,-0.4523191058532521,0.06475376744363319
1,0.005910034248871745,0.0001886756953517408
2,-6.391968717637205e-06,2.192923344753094e-07
3,3.75435275644091e-09,1.2979933279907408e-10
4,-1.1180659156441852e-12,4.1183452349479736e-14
5,1.7026262932276013e-16,6.633472052246981e-18
6,-1.0276580800897061e-20,4.237114332775311e-22
