,par,err
0,-2.3571995840935163,0.048565969463605724
1,0.010945011168750308,0.0001415086562185095
2,-1.1671785520687319e-05,1.644714520086529e-07
3,6.555251719630514e-09,9.735080808903332e-11
4,-1.9082559503751695e-12,3.088800637723673e-14
5,2.8239423936504385e-16,4.97517148945817e-18
6,-1.653121430619688e-20,3.177878998266538e-22
