,par,err
0,-1.0146659979479238,0.04269200699324991
1,0.006245142970783027,0.00012439346071321347
2,-6.202312065829467e-06,1.4457895919554163e-07
3,3.3362531076105626e-09,8.55764260525637e-11
4,-9.518162409420008e-13,2.7152165046479055e-14
5,1.3957289946400002e-16,4.373434643870057e-18
6,-8.146242973820292e-21,2.7935209129378543e-22
