,par,err
0,0.7305298330827942,0.023103715474229725
1,0.00123129238952317,6.731824948255042e-05
2,-6.89830344336201e-07,7.824206854880284e-08
3,2.8578962111217816e-10,4.6311546565038126e-11
4,-6.047790708724613e-14,1.469398041102128e-14
5,8.480620329184278e-18,2.3667774728687988e-18
6,-5.618332268392031e-22,1.511772606602514e-22
