,par,err
0,0.5061865143090687,0.021347467039003122
1,0.0017900534977578991,6.220098917634684e-05
2,-1.2331436879951058e-06,7.229442220909512e-08
3,5.473370496787665e-10,4.2791134875696536e-11
4,-1.255279682071289e-13,1.3577008984099047e-14
5,1.6325353558105015e-17,2.1868665653455143e-18
6,-9.200417303221272e-22,1.3968558882291667e-22
