,par,err
0,0.4981240790153724,0.029376080315647632
1,0.0021164629462962726,8.559429315485785e-05
2,-1.719110985798444e-06,9.948379153743995e-08
3,8.667629417947221e-10,5.888454949147917e-11
4,-2.2696059244979573e-13,1.868321719089017e-14
5,3.2439853692096554e-17,3.0093301103059595e-18
6,-1.927169640885518e-21,1.9222024262805619e-22
