,par,err
0,0.8203561750947203,0.035123707740633836
1,0.0017293782371780345,0.00010234138745102935
2,-1.5200539065739927e-06,1.1894845986125038e-07
3,8.628436971037474e-10,7.040570681036887e-11
4,-2.4160721146871e-13,2.2338715059033195e-14
5,3.6928010156490483e-17,3.598126051554053e-18
6,-2.325369974637485e-21,2.2982944834579867e-22
