,par,err
0,1.6919423636962119,0.014115359309281993
1,-0.0006152630463828629,4.112849419192466e-05
2,9.906833726631941e-07,4.780245760726768e-08
3,-5.032752052242302e-10,2.8294311676212655e-11
4,1.5586155796914616e-13,8.977373822624567e-15
5,-2.1597031323238762e-17,1.4459968165933366e-18
6,1.0710722262859374e-21,9.23626694637518e-23
