,par,err
0,0.6774110118242058,0.02840854209546885
1,0.0018984164377095435,8.277514291178873e-05
2,-1.6094425864095026e-06,9.620718104487328e-08
3,8.657957768975298e-10,5.694512325767299e-11
4,-2.3700868070304526e-13,1.806786541065454e-14
5,3.5487843972128635e-17,2.9102145490225954e-18
6,-2.1964968245961734e-21,1.8588924747241943e-22
