,par,err
0,0.3455734121201389,0.03155205890935899
1,0.0029771113816611646,9.193452979255578e-05
2,-2.8207758304661573e-06,1.0685286978867748e-07
3,1.5496221799629697e-09,6.324631722567727e-11
4,-4.3520922280800977e-13,2.0067144604452318e-14
5,6.46269856529303e-17,3.2322412888976234e-18
6,-3.908964619948864e-21,2.0645864740607782e-22
