,par,err
0,0.9044510903821483,0.03303964323484074
1,0.0018692940297947544,9.626897060415238e-05
2,-1.810382111771805e-06,1.1189066808825108e-07
3,1.1149926784562978e-09,6.622819365521682e-11
4,-3.2661219135517194e-13,2.1013249161461793e-14
5,5.1408512805116825e-17,3.384631261109347e-18
6,-3.2845945372402743e-21,2.1619249451293433e-22
