,par,err
0,0.7534803594074363,0.023173625273412664
1,0.0014405089072439734,6.75219314564321e-05
2,-1.0094904509409006e-06,7.847878928599565e-08
3,4.899303472554765e-10,4.6451659723835284e-11
4,-1.2045582392876431e-13,1.4738438077095388e-14
5,1.7265597139563285e-17,2.3739389619282746e-18
6,-1.0751448556587958e-21,1.5163475737066488e-22
