,par,err
0,-20.84934963148249,0.6554925879411593
1,0.06118290187812975,0.0019099359048658643
2,-6.59393009953763e-05,2.21986395026508e-06
3,3.630789429745964e-08,1.313939636631379e-09
4,-1.0619452486874345e-11,4.1689408070785756e-13
5,1.5716036589116298e-15,6.714967118950088e-17
6,-9.181208884420286e-20,4.28916890540681e-21
