,par,err
0,3.061573094210973,0.01602150897781807
1,-0.0035587685308717007,4.668252638811992e-05
2,3.7587775266645735e-06,5.425775840224015e-08
3,-1.7741953294516727e-09,3.2115215643111883e-11
4,4.93756726187622e-13,1.0189693110743617e-14
5,-6.813288884130108e-17,1.6412668821943505e-18
6,3.669142622983095e-21,1.0483550977747296e-22
