,par,err
0,-9.423243437470155,0.30611067920613044
1,0.029288101450818796,0.0008919271919780441
2,-3.1133362171761976e-05,1.0366613031259643e-06
3,1.701083641992549e-08,6.136007449450532e-10
4,-4.949018611063296e-12,1.9468663790828816e-13
5,7.300557829973726e-16,3.135842708847032e-17
6,-4.2555403317962556e-20,2.003011856959105e-21
