,par,err
0,-18.518607241041973,0.5702598577484009
1,0.05453651338008633,0.0016615893310342087
2,-5.86609651800242e-05,1.9312173422949083e-06
3,3.223844717184549e-08,1.1430891957515265e-09
4,-9.42569281854488e-12,3.626856423243851e-13
5,1.394925850230607e-15,5.841823921869218e-17
6,-8.150240330588404e-20,3.731450420768304e-21
