,par,err
0,-16.573582150960437,0.5148699803064245
1,0.049397462226464094,0.0015001977740842296
2,-5.319330502551955e-05,1.7436368162932249e-06
3,2.9300961019527848e-08,1.0320602850315871e-09
4,-8.57986304540197e-12,3.274578333489584e-13
5,1.2722213919935617e-15,5.274406093555762e-17
6,-7.449211305726793e-20,3.3690143658089075e-21
