,par,err
0,-20.64293610295344,0.6569310481261159
1,0.060633928441379874,0.001914126764967212
2,-6.536329715650374e-05,2.224734408603432e-06
3,3.600372038137033e-08,1.3168222296190325e-09
4,-1.0534012074182054e-11,4.1780862644574e-13
5,1.5592762844358503e-15,6.729696975160525e-17
6,-9.107962313163131e-20,4.298577205477341e-21
