,par,err
0,-13.403497204116624,0.4019969474143261
1,0.039813823804341196,0.0011713149837170131
2,-4.237178980249049e-05,1.3613857829934988e-06
3,2.3121169857374045e-08,8.058054990181797e-10
4,-6.734328593538305e-12,2.556704378667626e-13
5,9.943852027663927e-16,4.1181167336418904e-17
6,-5.802378042445779e-20,2.6304369586018415e-21
