,par,err
0,1.2318444322367408,0.010109656463809685
1,0.000177458802329684,2.9456930428954514e-05
2,3.229968228242556e-07,3.423695663440493e-08
3,-2.2932260773077328e-10,2.0264893733359442e-11
4,8.943330986908205e-14,6.429760346046965e-15
5,-1.4178462317182613e-17,1.0356502025806631e-18
6,8.060431562522511e-22,6.615192885787492e-23
