,par,err
0,-9.70983247698648,0.3214643103980052
1,0.03035082723189485,0.0009366636928864221
2,-3.2447285201122575e-05,1.0886572157645575e-06
3,1.781833944610601e-08,6.443771396983815e-10
4,-5.203094337166144e-12,2.044515246274682e-13
5,7.70194937300738e-16,3.293126667269265e-17
6,-4.50453538618763e-20,2.103476290555162e-21
