,par,err
0,-10.15569516887114,0.3171592646906245
1,0.03152570359491394,0.0009241199600010881
2,-3.367661498539509e-05,1.0740781153689493e-06
3,1.846964524659131e-08,6.357478532042798e-10
4,-5.386720778825302e-12,2.0171361414360033e-13
5,7.962377868774472e-16,3.249027431975059e-17
6,-4.6493744121861576e-20,2.075308426407221e-21
