,par,err
0,1.702596244663084,0.013078099598913673
1,-0.000558394153924831,3.810619601218442e-05
2,8.424778472245387e-07,4.4289739742028186e-08
3,-3.822675467765881e-10,2.6215138523975122e-11
4,1.1285488710585306e-13,8.31768468049415e-15
5,-1.4970890055427666e-17,1.339740232613684e-18
6,7.2087068898149055e-22,8.557558135954974e-23
