,par,err
0,-16.329616070530932,0.5163794917610925
1,0.04872544024625505,0.001504596021696071
2,-5.2453310774460156e-05,1.7487486712667838e-06
3,2.8884310230718433e-08,1.0350858993450474e-09
4,-8.453265320660103e-12,3.2841778492797076e-13
5,1.2525128861697454e-15,5.2898675668330396e-17
6,-7.325772645434977e-20,3.3788899467465336e-21
