,par,err
0,-10.043365071370106,0.31848777075040535
1,0.031222161120613316,0.0009279908508829083
2,-3.334578136439847e-05,1.0785770993870538e-06
3,1.828392597067e-08,6.384107771083802e-10
4,-5.330379663416404e-12,2.025585108088346e-13
5,7.875632268763588e-16,3.262636192222009e-17
6,-4.597012122797569e-20,2.0840009936378424e-21
