,par,err
0,-18.64615635646421,0.5689812517863803
1,0.054871040646987446,0.001657864090463358
2,-5.901385759341635e-05,1.9268879493309806e-06
3,3.243205629344589e-08,1.140526816901844e-09
4,-9.484680850385865e-12,3.618726909322636e-13
5,1.404419373507824e-15,5.828730533352578e-17
6,-8.212372431623185e-20,3.723087538100617e-21
