,par,err
0,-9.824107453213585,0.30309042540373354
1,0.030382565266586857,0.0008831270343290953
2,-3.2327935243318164e-05,1.0264332022267236e-06
3,1.7677227236800107e-08,6.07546749321606e-10
4,-5.149176810038809e-12,1.9276579507470293e-13
5,7.606904918882154e-16,3.104903384522979e-17
6,-4.4417422497400624e-20,1.9832493153863556e-21
