,par,err
0,-18.13953443447423,0.5731277659853228
1,0.05351468778604859,0.0016699457981006868
2,-5.75630575356752e-05,1.940929973862175e-06
3,3.163829603006229e-08,1.1488382128785478e-09
4,-9.250134368484472e-12,3.6450975192333723e-13
5,1.3688988785940454e-15,5.871205731226921e-17
6,-7.997124747451552e-20,3.750218426749379e-21
