,par,err
0,2.042448044082018,0.013435734736681781
1,-0.0012128791850498145,3.914824801467308e-05
2,1.4451305132093872e-06,4.55008813194847e-08
3,-6.537051535470671e-10,2.6932012031494478e-11
4,1.8789664969870433e-13,8.545137903578997e-15
5,-2.5522553174866054e-17,1.3763764022784515e-18
6,1.2961297812018868e-21,8.791570738477881e-23
