,par,err
0,1.1048239247408091,0.03499975117898751
1,0.0012911143496766536,0.00010198020656346549
2,-1.2242314072511105e-06,1.1852866193857422e-07
3,7.981453846078912e-10,7.015722209195577e-11
4,-2.3645873353038605e-13,2.225987174732483e-14
5,3.756550772802944e-17,3.585426277925672e-18
6,-2.4237864236209967e-21,2.2901822685459777e-22
