,par,err
0,-0.21590799808295086,0.033410921289915706
1,0.005150822621779118,9.735060832024286e-05
2,-5.441871109665957e-06,1.1314763314917578e-07
3,3.1601036240684133e-09,6.697208780347448e-11
4,-9.217701897131154e-13,2.1249245638485417e-14
5,1.379046554385718e-16,3.422638889256101e-18
6,-8.233830610771918e-21,2.186199433340213e-22
