,par,err
0,1.35748554120846,0.02364556083894983
1,0.0009401773044778597,6.889703578393193e-05
2,-9.64604334641046e-07,8.007703934699309e-08
3,7.462587492118335e-10,4.7397667543006846e-11
4,-2.2727943509890496e-13,1.5038592821862812e-14
5,3.688122440908465e-17,2.4222852411937024e-18
6,-2.428120943110164e-21,1.5472285722634316e-22
