,par,err
0,1.0176055129981485,0.022092273784109957
1,0.001636370929810154,6.437116948519755e-05
2,-1.6359382868322394e-06,7.4816769715405e-08
3,1.054665158492025e-09,4.428412032749053e-11
4,-3.1507564231289396e-13,1.4050713118789184e-14
5,4.9752755468328253e-17,2.2631668286132907e-18
6,-3.162887509522864e-21,1.4455925022351364e-22
