,par,err
0,-0.18497166353415118,0.037045745901589835
1,0.005119932584079299,0.00010794171386692781
2,-5.462190620762446e-06,1.2545756435023734e-07
3,3.1967490881248353e-09,7.42584561951831e-11
4,-9.381972353187372e-13,2.3561137483285432e-14
5,1.407433685493084e-16,3.795023305486615e-18
6,-8.383657502495572e-21,2.42406217233443e-22
