,par,err
0,0.7987593628860763,0.033180801473478745
1,0.0020998891009079857,9.668024930788116e-05
2,-2.0720678110612484e-06,1.1236866815435815e-07
3,1.24802833661989e-09,6.651111596727774e-11
4,-3.6351289762828365e-13,2.1103015656435904e-14
5,5.560413255873876e-17,3.399090094721771e-18
6,-3.418429262091482e-21,2.1711606458171414e-22
