,par,err
0,0.9556654070433349,0.020978694279336775
1,0.0006435533138459299,6.112653950394549e-05
2,-7.678899304176254e-08,7.104570404895903e-08
3,-4.158812302570834e-11,4.20520710107681e-11
4,3.4230041940602594e-14,1.3342531473680388e-14
5,-5.6396430272729e-18,2.149101507799752e-18
6,2.826076842036867e-22,1.3727349836507373e-22
