,par,err
0,0.44779551426738273,0.016867002286631436
1,0.0025305474114673356,4.9146071465582665e-05
2,-2.292474948574542e-06,5.712106261347593e-08
3,1.231714043139228e-09,3.3810007374554084e-11
4,-3.377663445179023e-13,1.072742629990353e-14
5,4.873306135254471e-17,1.7278804327672774e-18
6,-2.838533029248439e-21,1.103679450589073e-22
