,par,err
0,1.1417268192605123,0.016195992063191497
1,0.0009190137866014355,4.7190924213302535e-05
2,-7.074791511426856e-07,5.484865490098684e-08
3,4.453717097922936e-10,3.24649688683603e-11
4,-1.2414388970502828e-13,1.0300665331062601e-14
5,1.9515534966765204e-17,1.6591414530419024e-18
6,-1.2692790189439273e-21,1.059772531275642e-22
