,par,err
0,-0.13465086881083616,0.034023094235883185
1,0.0035688162058048387,9.913448444810169e-05
2,-3.196600697199533e-06,1.152211589986228e-07
3,1.645691931152982e-09,6.819950014114872e-11
4,-4.5249733797777185e-13,2.163871054664332e-14
5,6.527595717340883e-17,3.4853741265212725e-18
6,-3.795703104644708e-21,2.2262736110076835e-22
