,par,err
0,-0.6920399503523719,0.028568078274893625
1,0.005345735393091274,8.3239989359788e-05
2,-5.2026188017407395e-06,9.674745541507643e-08
3,2.7710833883234185e-09,5.726491079167848e-11
4,-7.810647249818371e-13,1.8169329096428442e-14
5,1.135391304552486e-16,2.9265573940675262e-18
6,-6.588790373231001e-21,1.8693314132324266e-22
