,par,err
0,0.4899039321632739,0.01902622186432215
1,0.0026445760145827565,5.543749575691607e-05
2,-2.524217232301065e-06,6.443342657237595e-08
3,1.4162704673123108e-09,3.813821340673017e-11
4,-4.013019969308463e-13,1.210070640083609e-14
5,5.952487211184909e-17,1.949076757768315e-18
6,-3.548765110467585e-21,1.2449681762477658e-22
