,par,err
0,-0.47459769669377416,0.02606335290392616
1,0.004455861804191148,7.594187511601996e-05
2,-4.115903749650365e-06,8.826507778940877e-08
3,2.1290386268666574e-09,5.224418896416024e-11
4,-5.882876990460159e-13,1.65763284484729e-14
5,8.458523838586892e-17,2.669970977637254e-18
6,-4.883325671846463e-21,1.7054376275043878e-22
