,par,err
0,2.8889047268213037,0.014475688590745807
1,-0.003211598097117741,4.2178409786590005e-05
2,3.516844227570129e-06,4.902275855274732e-08
3,-1.7106791971024642e-09,2.9016618368960215e-11
4,4.915668810692438e-13,9.206554574872912e-15
5,-6.915356392058922e-17,1.4829117881484167e-18
6,3.72853591978203e-21,9.472063897949452e-23
