,par,err
0,0.7894165741500733,0.01577345361345421
1,0.0013713998648201455,4.5959757767959835e-05
2,-9.6355381072777e-07,5.341770571572583e-08
3,4.780573204063681e-10,3.1617988956454316e-11
4,-1.1964515391305031e-13,1.0031931193726483e-14
5,1.7291865143764874e-17,1.6158562114883412e-18
6,-1.0740001976620807e-21,1.0321242931015012e-22
