,par,err
0,1.5469509132671377,0.012078344969939916
1,-0.0006761079467173051,3.519317187093339e-05
2,1.2433654816211888e-06,4.0904016767320244e-08
3,-7.327846818426404e-10,2.421112759839237e-11
4,2.360720386245202e-13,7.681841535789562e-15
5,-3.562842116376701e-17,1.2373242361303695e-18
6,2.0351537382275947e-21,7.903379072590004e-23
