,par,err
0,2.2274849645049337,0.021854335191886946
1,-0.0014708404201521014,6.367787487267808e-05
2,1.690383574733394e-06,7.40109646032198e-08
3,-7.331733282341602e-10,4.3807155552214146e-11
4,2.1008926542261918e-13,1.3899375879434827e-14
5,-2.7880890981822516e-17,2.2387901206070108e-18
6,1.3296319605439643e-21,1.4300214446112455e-22
