,par,err
0,2.2429239738366844,0.018638135551187755
1,-0.001706907483299478,5.430670428327441e-05
2,1.994813469030308e-06,6.311912780921248e-08
3,-9.462976356670867e-10,3.73602720818094e-11
4,2.726703247239221e-13,1.1853874495826761e-14
5,-3.7175192061364664e-17,1.909318898905698e-18
6,1.8929443017429357e-21,1.2195727643118569e-22
