,par,err
0,1.1626600218996925,0.016216264723188774
1,0.0008649588500657938,4.725001069575498e-05
2,-6.569822075684865e-07,5.4917348248091225e-08
3,4.263973840695812e-10,3.2505639183135076e-11
4,-1.2303384527564591e-13,1.031357261285014e-14
5,2.0359710168473787e-17,1.6612209720560958e-18
6,-1.397143874520121e-21,1.0611011246134685e-22
