,par,err
0,1.9442484561106126,0.018538626576299035
1,-0.0008698707163007105,5.4016740887679026e-05
2,1.0615642814905429e-06,6.278208868594997e-08
3,-4.184517308854361e-10,3.716076696270078e-11
4,1.135990539252334e-13,1.1790571848940117e-14
5,-1.3069278364882614e-17,1.899122365706091e-18
6,4.59877176801608e-22,1.2130596993716792e-22
