,par,err
0,2.111118053940134,0.014775213750380939
1,-0.0017057055530175188,4.305114882253469e-05
2,2.118115104605236e-06,5.0037116827432516e-08
3,-1.0966636662791415e-09,2.96170163162329e-11
4,3.2400753242489317e-13,9.397051345677615e-15
5,-4.602298141633572e-17,1.5135951938555578e-18
6,2.4942949606238024e-21,9.668052329350075e-23
