,par,err
0,1.1712771541323286,0.008456879175631619
1,0.0006019577643514635,2.4641162810962923e-05
2,-2.541796790515856e-07,2.8639722216192588e-08
3,1.438910067334659e-10,1.695187976829451e-11
4,-3.010496907727435e-14,5.378586340866185e-15
5,5.2010952279122325e-18,8.663357507335471e-19
6,-4.366442658887056e-22,5.533697315358171e-23
