,par,err
0,1.5889340207146223,0.01591505151553326
1,-0.0010364818836741767,4.637234216922521e-05
2,1.6968555171825325e-06,5.389724717080205e-08
3,-9.930671427960194e-10,3.1901833632688045e-11
4,3.071624618684347e-13,1.0121991824510755e-14
5,-4.5226853805525525e-17,1.6303624466220315e-18
6,2.5420611840552014e-21,1.0413900973914856e-22
