,par,err
0,1.7660650157716753,0.013706604227913964
1,-0.0003977335320304127,3.993737181571237e-05
2,5.558581426654105e-07,4.641796170801175e-08
3,-1.372983052681814e-10,2.7474802386939467e-11
4,2.804841153168698e-14,8.717355601986039e-15
5,3.8449505609239767e-19,1.4041166771551269e-18
6,-3.8647283492937565e-22,8.96877459999995e-23
