,par,err
0,2.250066236247738,0.022655074502468467
1,-0.0014910592945455699,6.601102230986675e-05
2,1.6825366123369618e-06,7.672272185982906e-08
3,-7.251156627799335e-10,4.5412253274201284e-11
4,2.1144148145937373e-13,1.4408652892114115e-14
5,-2.939727053915649e-17,2.320820506606879e-18
6,1.5357607898318431e-21,1.4824185116481782e-22
