,par,err
0,2.1796539031124738,0.01667365754321483
1,-0.0016189988303106943,4.8582722554334124e-05
2,1.909259758508383e-06,5.6466306622013625e-08
3,-9.127441710112465e-10,3.342246077770488e-11
4,2.6122951087297836e-13,1.0604464252845042e-14
5,-3.535781177991665e-17,1.708074842598963e-18
6,1.7893642698861925e-21,1.0910287208406776e-22
