,par,err
0,1.7278127234056104,0.010326376698235478
1,-0.00039207501316554616,3.008839294185609e-05
2,5.826012149717949e-07,3.4970866982472986e-08
3,-1.8346540463179672e-10,2.0699275505576385e-11
4,4.685124303491836e-14,6.567574578947996e-15
5,-3.494683826622163e-18,1.0578464053428489e-18
6,-8.021151286590949e-23,6.75695789156053e-23
