,par,err
0,1.6436318578604439,0.007255607557951839
1,-0.0006852751841226159,2.1140959547119358e-05
2,1.1439864680982164e-06,2.4571528163597904e-08
3,-6.283926150033769e-10,1.4543909034074075e-11
4,1.9800713471864451e-13,4.614571828398692e-15
5,-2.887778755907267e-17,7.432750081395137e-19
6,1.5726879585017872e-21,4.7476508969456886e-23
