,par,err
0,2.341842635660698,0.01809341028102385
1,-0.0017490552551874654,5.271951188888825e-05
2,1.960837039977104e-06,6.127437627590884e-08
3,-8.69372065687533e-10,3.6268361605020546e-11
4,2.4819433506451295e-13,1.1507427586992181e-14
5,-3.3532352366033454e-17,1.8535163864662563e-18
6,1.6751854941569103e-21,1.1839292038397847e-22
