,par,err
0,-0.6754091759032186,0.04604653463192268
1,0.005282183901365596,0.00013416766669717032
2,-5.1147185840923495e-06,1.5593922049774185e-07
3,2.714507236615617e-09,9.230056454333145e-11
4,-7.63236740961329e-13,2.928563455524114e-14
5,1.1093771494512867e-16,4.717075048814363e-18
6,-6.448829954973602e-21,3.013020269383759e-22
