,par,err
0,0.7042099605407415,0.04798042383564353
1,0.002064364493755049,0.00013980251980707397
2,-1.8998776889401896e-06,1.6248844390732325e-07
3,1.0778473631914644e-09,9.61770529097365e-11
4,-3.050375874150748e-13,3.051558596215721e-14
5,4.608078898544755e-17,4.915184403662169e-18
6,-2.8307771938079904e-21,3.1395616320750053e-22
