,par,err
0,1.104692596290218,0.0338872423029957
1,0.000753838542683163,9.873859222878144e-05
2,-3.8637336587375833e-07,1.1476097530571022e-07
3,1.9948279235228917e-10,6.792709892401076e-11
4,-4.206976817012552e-14,2.1552279188563237e-14
5,6.504549223862699e-18,3.471452529029402e-18
6,-4.925106726492533e-22,2.217381388605665e-22
