,par,err
0,-0.7598794728787744,0.04643860930152704
1,0.005764251311483796,0.00013531007585631762
2,-5.741828316301989e-06,1.572670133418144e-07
3,3.105609535302932e-09,9.308649009191157e-11
4,-8.843584026364442e-13,2.953499791431024e-14
5,1.298843469719207e-16,4.757240274379614e-18
6,-7.623306918028809e-21,3.0386755979463894e-22
