,par,err
0,0.750850162970429,0.051361046009088085
1,0.002228597023835613,0.00014965278543910618
2,-2.218136864628715e-06,1.739371420468688e-07
3,1.3395498526923647e-09,1.0295355981308042e-10
4,-3.9689162587581495e-13,3.266567879977934e-14
5,6.21433227108286e-17,5.261503555482777e-18
6,-3.9279914042566514e-21,3.3607728523109224e-22
