,par,err
0,1.3054061845909193,0.03735572429188259
1,0.0007383996819635715,0.00010884489407316621
2,-6.248385560178141e-07,1.2650728426444152e-07
3,4.74190348775794e-10,7.48797743022342e-11
4,-1.4569902497178255e-13,2.3758269338816226e-14
5,2.52610594201948e-17,3.826775141347435e-18
6,-1.7883340161325667e-21,2.444343337417943e-22
