,par,err
0,-1.5645169790755342,0.0592327619024021
1,0.007389212293859515,0.0001725889267739161
2,-7.25839907394554e-06,2.0059515293778292e-07
3,3.84071161298444e-09,1.1873245534679443e-10
4,-1.0874887525206085e-12,3.767209177019959e-14
5,1.5843131960256475e-16,6.067892564379109e-18
6,-9.206965248316001e-21,3.8758517236586865e-22
