,par,err
0,-0.16228171629372995,0.04258588940575872
1,0.0043896654105192055,0.0001240842633717936
2,-4.38760514262097e-06,1.4421958854219097e-07
3,2.4328217380917764e-09,8.536371472300666e-11
4,-7.003803600898913e-13,2.708467514312375e-14
5,1.0452011834898685e-16,4.362564028315056e-18
6,-6.240651146239635e-21,2.7865773942820683e-22
