,par,err
0,0.9152232212412653,0.04532217876644039
1,0.0021110684010737573,0.00013205709286090385
2,-2.1841361100349773e-06,1.5348617474202307e-07
3,1.3831991219411786e-09,9.084861613834189e-11
4,-4.0329670157349566e-13,2.882495614287723e-14
5,6.144685156681912e-17,4.64287355333831e-18
6,-3.7745143163353626e-21,2.965624634824605e-22
