,par,err
0,-0.6454745083325703,0.049734490890567876
1,0.005947025617013326,0.00014491342459443281
2,-6.156290559056735e-06,1.684287119486266e-07
3,3.4582670014258408e-09,9.969310978680994e-11
4,-1.0066510593308152e-12,3.163118276445143e-14
5,1.5104274396657359e-16,5.0948754442874306e-18
6,-9.054320750172059e-21,3.254339272427306e-22
