,par,err
0,0.6309148814152881,0.05600289933130758
1,0.0027712218766072095,0.00016317793514848187
2,-2.771226293686706e-06,1.8965702197512898e-07
3,1.6360256459213495e-09,1.1225816513992206e-10
4,-4.584790196689435e-13,3.561789408447209e-14
5,6.716121218882365e-17,5.73702048311134e-18
6,-3.978874180060647e-21,3.66450809992455e-22
