,par,err
0,0.6923221185381168,0.046970245787632384
1,0.0013169643314218976,0.00013685908115517294
2,-7.554111109772519e-07,1.5906733282921314e-07
3,3.0239978181946266e-10,9.415207888729467e-11
4,-5.836762416226875e-14,2.9873089972785733e-14
5,7.030096406461284e-18,4.8116971453684645e-18
6,-4.16659039053369e-22,3.073460077076389e-22
