,par,err
0,0.2191491460893871,0.05865544555924918
1,0.0025869040189367286,0.00017090675822555528
2,-2.1113589539369475e-06,1.9863999783849771e-07
3,1.0379266368937028e-09,1.1757518725472297e-10
4,-2.717758264994241e-13,3.730490549416404e-14
5,3.8397570946635316e-17,6.008749373997734e-18
6,-2.239767042088323e-21,3.8380742194066223e-22
