,par,err
0,-0.5894934758855179,0.048991954049117485
1,0.005931552238689049,0.0001427498480396834
2,-6.2058861260182155e-06,1.6591402718211185e-07
3,3.5276869163990998e-09,9.820464957179762e-11
4,-1.032184249801469e-12,3.1158910661101124e-14
5,1.5530685091173162e-16,5.018805114076663e-18
6,-9.303152426454062e-21,3.20574898475331e-22
