,par,err
0,8.950997139206258,0.24631379083344854
1,-0.014335173499311777,0.000600678322151764
2,1.4385822164408652e-05,5.907173204838306e-07
3,-6.763321947863462e-09,2.992567414295245e-10
4,1.7646747175463107e-12,8.222636816496891e-14
5,-2.0821958627255298e-16,1.1603716489774987e-17
6,8.559269267904006e-21,6.566065941827226e-22
