,par,err
0,57.550658873838046,1.4720216540399684
1,-0.12069982614314706,0.0035897766338556245
2,0.00011096997058228039,3.530247401774689e-06
3,-4.847861219156769e-08,1.7884191846498967e-09
4,1.1078278155235682e-11,4.914013999447276e-13
5,-1.1783462943756966e-15,6.934613409997467e-17
6,4.406222349485359e-20,3.924011013102458e-21
