,par,err
0,2.1934033371977453,0.007623781768406659
1,-0.0016012651994754621,2.221372762415181e-05
2,1.832903971035425e-06,2.5818380116528548e-08
3,-8.440344834588857e-10,1.5281924412902612e-11
4,2.3589468550407725e-13,4.848734201531842e-15
5,-3.138152908386511e-17,7.809919773278488e-19
6,1.5659192074766372e-21,4.9885679036750707e-23
