,par,err
0,5.7198155324401885,0.23062637761361693
1,-0.007295848180521638,0.0005624218055417806
2,6.590281605026828e-06,5.530951158991205e-07
3,-2.7680790137225623e-09,2.801973276659571e-10
4,6.496347745081162e-13,7.69894250788682e-14
5,-6.576654549225994e-17,1.0864681163669726e-17
6,1.9677802793582143e-21,6.147874850266684e-22
