,par,err
0,55.409259164753564,1.065256006524289
1,-0.1187025161970403,0.0025978094285677906
2,0.00011009021391131001,2.554730472515098e-06
3,-4.958073009784662e-08,1.294223754153887e-09
4,1.1799919803088761e-11,3.556121218728571e-13
5,-1.3483547774920773e-15,5.01836869927809e-17
6,5.741489183557718e-20,2.8396883658841815e-21
