,par,err
0,17.076080689613494,0.3259761500999524
1,-0.03218295527713273,0.000794948621091436
2,2.9915095846619284e-05,7.81766037957199e-07
3,-1.3573860912874787e-08,3.9604180109356877e-10
4,3.339857155648334e-12,1.0881986369956113e-13
5,-3.885323126069779e-16,1.5356567507450992e-17
6,1.6459057702591812e-20,8.6896491030718e-22
