,par,err
0,16.185580116883717,0.29278198921104565
1,-0.03155533025488054,0.0007139991598950074
2,2.9911805315638592e-05,7.021590807285751e-07
3,-1.3956560783349395e-08,3.5571304441836203e-10
4,3.5193638730903775e-12,9.773878766144141e-14
5,-4.270103760945963e-16,1.3792814396808228e-17
6,1.936205413992836e-20,7.804784537487001e-22
