,par,err
0,12.352385712420796,0.32942905224570695
1,-0.020964664906745253,0.0008033694433279985
2,1.9199528560558908e-05,7.900475581687253e-07
3,-8.32532723235577e-09,4.002373774884567e-10
4,1.9577958704365383e-12,1.0997271882662066e-13
5,-2.0440773286885713e-16,1.5519262770061216e-17
6,6.856302279529993e-21,8.781714336614106e-22
