,par,err
0,10.233859662167681,0.26944887735927264
1,-0.01686603923133803,0.0006570973977944048
2,1.5450260558807263e-05,6.462009617285658e-07
3,-6.721771772359598e-09,3.2736473549312444e-10
4,1.5907165919187659e-12,8.994956684874348e-14
5,-1.6892323569887088e-16,1.2693607006537709e-17
6,5.924177241140285e-21,7.182788881630422e-22
