,par,err
0,26.3097421479219,0.420117203318563
1,-0.05249285997809076,0.0010245276738751416
2,4.847772275327249e-05,1.007537979439987e-06
3,-2.1810315683876114e-08,5.104175946367084e-10
4,5.2486431655436696e-12,1.4024673299593527e-13
5,-5.980713206630743e-16,1.9791498696524116e-17
6,2.4934497297724207e-20,1.1199192252637642e-21
