,par,err
0,28.641889016240402,0.9901204544080643
1,-0.06110799308462155,0.0024145794438039823
2,6.100908379584459e-05,2.374539847782612e-06
3,-2.841846020086681e-08,1.2029397955059649e-09
4,6.927040108707965e-12,3.305302540755623e-13
5,-7.784147654810231e-16,4.664416720713254e-17
6,3.113158957667241e-20,2.6394020928084545e-21
