,par,err
0,25.68201826566607,1.3345458754803947
1,-0.044502392113117066,0.0032545161511835195
2,3.881918199588989e-05,3.2005448622573345e-06
3,-1.4043713521052001e-08,1.6213917565304686e-09
4,2.378266207895253e-12,4.455074685876201e-13
5,-7.650705564403298e-17,6.286962942018878e-17
6,-1.0476543117145473e-20,3.557533420698328e-21
