,par,err
0,16.8626465416208,0.3386309793391914
1,-0.031106418555006735,0.0008258100480164108
2,2.9399904311762677e-05,8.121160776234437e-07
3,-1.3295897401193348e-08,4.114172557917324e-10
4,3.2605200974446343e-12,1.1304458859749992e-13
5,-3.692190226910021e-16,1.5952759838584787e-17
6,1.4778869059663297e-20,9.027010697110114e-22
