,par,err
0,33.038395415689884,1.2539084345849798
1,-0.06789962321138396,0.003057870574390283
2,6.679922924967643e-05,3.007162525143065e-06
3,-3.032155467016614e-08,1.523425390904269e-09
4,7.2487804514319235e-12,4.1858957817107447e-13
5,-7.901341855668475e-16,5.907101821508224e-17
6,2.9872189048217e-20,3.3425863129734188e-21
