,par,err
0,7.6833895245207575,0.27777940046960653
1,-0.01270162980123549,0.0006774127570568669
2,1.3419447571891482e-05,6.661793988353392e-07
3,-6.727816254481933e-09,3.374857981662677e-10
4,1.861076509042742e-12,9.273052201497156e-14
5,-2.4044809200307333e-16,1.308605427942601e-17
6,1.1431728798779874e-20,7.404859673706354e-22
