,par,err
0,24.055322529121373,0.46211348300830263
1,-0.047176698450266695,0.0011269427214627183
2,4.366811290570081e-05,1.1082546838175662e-06
3,-1.97032981846916e-08,5.614406070315688e-10
4,4.783474066918146e-12,1.5426628118058873e-13
5,-5.491887074884981e-16,2.1769931055735062e-17
6,2.2924397256610922e-20,1.2318710228954679e-21
