,par,err
0,12.793176349608498,0.2546463415653057
1,-0.02249431942313104,0.0006209986316006183
2,2.1166871045432028e-05,6.107005499343695e-07
3,-9.55419891978649e-09,3.093801359781262e-10
4,2.3541173763625306e-12,8.500792747537112e-14
5,-2.6705438028869673e-16,1.1996242440883441e-17
6,1.0624943520735707e-20,6.788176582101683e-22
