,par,err
0,38.75713135189364,1.1911825081211467
1,-0.07770087302597414,0.0029049026098388183
2,7.219637853013782e-05,2.8567310409667103e-06
3,-3.0948084634829185e-08,1.447216893624748e-09
4,6.901808092479387e-12,3.976498558143699e-13
5,-6.816669955111647e-16,5.61160216844478e-17
6,2.115286301445693e-20,3.1753752730949848e-21
