,par,err
0,40.30145695159228,0.8925710610897257
1,-0.08555734647211427,0.002176687138916902
2,8.13777588128316e-05,2.140591239542575e-06
3,-3.70352055885558e-08,1.0844211471841416e-09
4,8.878686514665292e-12,2.9796492796781967e-13
5,-1.003170905739797e-15,4.2048563235356963e-17
6,4.133747127895164e-20,2.3793553847680643e-21
