,par,err
0,22.40900929548375,0.34388532146727074
1,-0.043591427442524575,0.0008386235978730509
2,4.0514682926822744e-05,8.247171448377389e-07
3,-1.826954811291207e-08,4.1780096795279134e-10
4,4.430799066185234e-12,1.1479864612513101e-13
5,-5.054816847035378e-16,1.6200294287123588e-17
6,2.0878615176969335e-20,9.167082478496438e-22
