,par,err
0,11.367690304608114,0.23712347136444042
1,-0.02037453393981304,0.000578266324209118
2,1.9594039497998828e-05,5.686771201196121e-07
3,-9.13548703876242e-09,2.8809125328531946e-10
4,2.323748047005669e-12,7.915844812448713e-14
5,-2.7879804919449213e-16,1.1170773899350397e-17
6,1.2239556196771348e-20,6.321080496070009e-22
