,par,err
0,0.6124198712796057,0.03858232574730908
1,0.001558621948430933,0.00011241889303059004
2,-1.0545304575476725e-06,1.3066123900021007e-07
3,4.949604640101426e-10,7.733850139960237e-11
4,-1.2551225384281715e-13,2.4538386971706408e-14
5,1.885745056320542e-17,3.952429513986621e-18
6,-1.2265758941890952e-21,2.524604591678563e-22
