,par,err
0,-0.22893024381675667,0.03522762376441498
1,0.0050971484496561414,0.00010264407882103634
2,-5.303502622363184e-06,1.1930016438122912e-07
3,3.0560468833642413e-09,7.061382257570382e-11
4,-8.90346820831807e-13,2.2404729817139825e-14
5,1.3448881007825178e-16,3.60875653987622e-18
6,-8.167813493598828e-21,2.30508313769573e-22
