,par,err
0,0.29146741025448447,0.013563773282069005
1,0.0029348329971448633,3.9521320423918115e-05
2,-2.71987061271384e-06,4.5934492645761274e-08
3,1.472456136545563e-09,2.7188665684227896e-11
4,-4.1519776050919347e-13,8.626569711890856e-15
5,6.222351615031876e-17,1.3894925707480722e-18
6,-3.8053768168639326e-21,8.875349045093414e-23
