,par,err
0,0.922824180897995,0.009706494996125059
1,0.001753182734634181,2.8282216291156793e-05
2,-1.700888197647423e-06,3.2871611297281363e-08
3,1.0590583953873077e-09,1.9456738494144428e-11
4,-3.180249921753312e-13,6.173342204446127e-15
5,5.1399303626896484e-17,9.943482210423442e-19
6,-3.3800255932017684e-21,6.351374967469941e-23
