,par,err
0,0.6085958805449883,0.012765432866369808
1,0.002333079683439369,3.719516638970607e-05
2,-2.212046028554394e-06,4.323087602257207e-08
3,1.2693170200581143e-09,2.5588396975719006e-11
4,-3.6981876278190463e-13,8.11882902598669e-15
5,5.737676428567608e-17,1.3077103881678934e-18
6,-3.615061906626893e-21,8.352968866839483e-23
