,par,err
0,0.4925624140516803,0.018734514356520085
1,0.0029227444398729945,5.458752947416648e-05
2,-2.9685335533383245e-06,6.344552659042585e-08
3,1.7582761378662268e-09,3.755346931813146e-11
4,-5.244089947470334e-13,1.191517381880188e-14
5,8.221731501512148e-17,1.919192498021767e-18
6,-5.193000891270523e-21,1.2258795180003774e-22
