,par,err
0,0.4150098801194637,0.01985224434052589
1,0.0033511186079568695,5.784431634840266e-05
2,-3.4025582732898792e-06,6.723080881038713e-08
3,1.993452287690756e-09,3.9793988762361635e-11
4,-5.696023233164599e-13,1.26260607726129e-14
5,8.524012366655049e-17,2.0336963690197228e-18
6,-5.1853394916951646e-21,1.2990188244380722e-22
