,par,err
0,-0.2141592664927998,0.025491471561940548
1,0.004047210160315901,7.427555534424634e-05
2,-3.805631171277333e-06,8.632834774956781e-08
3,2.0142740013176387e-09,5.109782204229338e-11
4,-5.64887564081071e-13,1.6212596020298058e-14
5,8.291182679442685e-17,2.6113828245078707e-18
6,-4.914917126815445e-21,1.6680136644046033e-22
