,par,err
0,1.639924946931643,0.01424587986755913
1,-0.0011803730498097975,4.150880984577571e-05
2,1.8512081623321611e-06,4.824450538713712e-08
3,-1.0713592995248223e-09,2.8555973039414964e-11
4,3.260022897653897e-13,9.060399729732782e-15
5,-4.702770340420893e-17,1.4593707175310313e-18
6,2.5709271322127984e-21,9.321697883185099e-23
