,par,err
0,0.974029045172883,0.019982187575028093
1,0.0017436829088692163,5.8222922329428835e-05
2,-1.7489645814985761e-06,6.767083235592029e-08
3,1.1251356722541996e-09,4.0054428528756295e-11
4,-3.432426206186796e-13,1.2708690931226459e-14
5,5.607813489341024e-17,2.047005219841498e-18
6,-3.712790010114574e-21,1.3075195356734232e-22
