,par,err
0,0.06760106712133082,0.031221868066340128
1,0.003002480371361511,9.097246216104394e-05
2,-2.575235747955336e-06,1.0573471922372345e-07
3,1.3075441470350111e-09,6.258450973133299e-11
4,-3.5743874474300485e-13,1.9857172426865114e-14
5,5.236278482750303e-17,3.1984224885387763e-18
6,-3.1408455795531702e-21,2.0429857957252625e-22
