,par,err
0,0.1644151118520969,0.02349350900993713
1,0.0035326393876551967,6.84540176739685e-05
2,-3.503333235529338e-06,7.956215947811445e-08
3,1.9768809094844068e-09,4.709292406815497e-11
4,-5.775664998325661e-13,1.494190531223177e-14
5,8.82954050483204e-17,2.406711930406842e-18
6,-5.42804368518209e-21,1.537281215760391e-22
