,par,err
0,-0.17794818779060523,0.026665785832264054
1,0.003965182285404497,7.769718298567021e-05
2,-3.7371240482372118e-06,9.030518554649967e-08
3,1.989221979700661e-09,5.3451708609213097e-11
4,-5.615291045330719e-13,1.6959449809513617e-14
5,8.298096458212095e-17,2.731679738017035e-18
6,-4.945637402738067e-21,1.7448533138205111e-22
