,par,err
0,0.4274200838722252,0.018587975756627458
1,0.0031001783212668416,5.416054999055915e-05
2,-3.1617254900796906e-06,6.294925744128254e-08
3,1.865929849634372e-09,3.7259727001985356e-11
4,-5.567914408498917e-13,1.1821974071898865e-14
5,8.716863908404486e-17,1.9041808281458074e-18
6,-5.488206377499778e-21,1.216290975340149e-22
