,par,err
0,0.1481556009886112,0.01224334159485388
1,0.003333478207365713,3.5673931019771174e-05
2,-3.164088300336416e-06,4.146279498516939e-08
3,1.7252202964917093e-09,2.4541875086279287e-11
4,-4.922022094631496e-13,7.786785833099842e-15
5,7.402885353849129e-17,1.2542283481833894e-18
6,-4.509723311574979e-21,8.011357767597581e-23
