,par,err
0,-0.08410153041903168,0.023340407300522743
1,0.004183465602078693,6.800785534182184e-05
2,-4.176999254699023e-06,7.904352522335915e-08
3,2.3285038366875988e-09,4.678591181687595e-11
4,-6.75097615894969e-13,1.4844489388371344e-14
5,1.019717434295301e-16,2.3910209762958715e-18
6,-6.190885053117803e-21,1.527259039542382e-22
