,par,err
0,1.085705522839666,0.015852928399215344
1,0.001455662567167185,4.6191329825353124e-05
2,-1.4569176368237349e-06,5.368685895725943e-08
3,9.7717691596244e-10,3.177730353856403e-11
4,-3.039861899220886e-13,1.0082479639082845e-14
5,5.0901195211728214e-17,1.6239980928496883e-18
6,-3.442999202531593e-21,1.0373248568630407e-22
