,par,err
0,0.9389911966290244,0.015579219473123278
1,0.0019008437936881908,4.5393810333200786e-05
2,-1.9762946797188657e-06,5.275992206472303e-08
3,1.2690283071512123e-09,3.1228646136619204e-11
4,-3.847533401686128e-13,9.908397725183414e-15
5,6.085552801283035e-17,1.5959583433590226e-18
6,-3.8354613938887726e-21,1.0194144278407091e-22
