,par,err
0,-0.44950865447411453,0.016539299739257322
1,0.005192637362400115,4.819124530318194e-05
2,-5.278083495051133e-06,5.6011314759580626e-08
3,2.9297034513823265e-09,3.315315776584594e-11
4,-8.460859611821514e-13,1.0519020653411218e-14
5,1.2563646515154546e-16,1.6943127013983436e-18
6,-7.423100774231464e-21,1.0822383608024534e-22
