,par,err
0,0.31031637170103726,0.01853855141910268
1,0.0035437725718061304,5.401653369097088e-05
2,-3.691151861914495e-06,6.278186363035253e-08
3,2.1835891301829454e-09,3.71606434973269e-11
4,-6.474459159647042e-13,1.1790535701446425e-14
5,9.926594265975126e-17,1.899117037270104e-18
6,-6.049455548892378e-21,1.213056548425051e-22
