,par,err
0,0.6708591339490007,0.021742499005065787
1,0.0026306181304110478,6.335201746553919e-05
2,-2.7750652101182764e-06,7.363223801742611e-08
3,1.7183588950187083e-09,4.358299289792297e-11
4,-5.211413250754547e-13,1.3828254752973283e-14
5,8.182810408819258e-17,2.2273350078362195e-18
6,-5.092890064588783e-21,1.4227048843717753e-22
