,par,err
0,-0.7498363081060595,0.024299850128299428
1,0.0052137187139716205,7.080347637741956e-05
2,-4.9530536226059044e-06,8.229285530894204e-08
3,2.6026028929336162e-09,4.870922104364825e-11
4,-7.325167259267299e-13,1.545473290344054e-14
5,1.0690464013630259e-16,2.4893139262167352e-18
6,-6.2443394649020756e-21,1.5900432362128716e-22
