,par,err
0,1.7286576107427778,0.03750546913107813
1,-5.011011844249497e-05,0.00010928116105629783
2,8.187212268758004e-08,1.270143238450806e-07
3,1.8487799213349642e-10,7.517989995640558e-11
4,-6.564561755475081e-14,2.385350198498694e-14
5,1.3108537812123319e-17,3.842115976551646e-18
6,-1.0103947409437125e-21,2.4541434095000094e-22
