,par,err
0,1.120820101228358,0.020213944292888978
1,0.0012925467019065495,5.8898202699650167e-05
2,-1.2711589736428266e-06,6.845569057434615e-08
3,8.453145109898244e-10,4.0518984670416103e-11
4,-2.5495620719571885e-13,1.2856086844639139e-14
5,4.0689256788510843e-17,2.070746170114777e-18
6,-2.6017539423910576e-21,1.3226837695300627e-22
