,par,err
0,-0.07855708062637408,0.01295032137138163
1,0.00397368957801069,3.773385867156459e-05
2,-3.873084230611138e-06,4.3856950912677515e-08
3,2.114226239912115e-09,2.5958956094786964e-11
4,-6.017999869945298e-13,8.236399453565066e-15
5,8.871386252779029e-17,1.3266475329743537e-18
6,-5.221915781931033e-21,8.473930837906366e-23
