,par,err
0,0.44441062878021886,0.018454583321889564
1,0.0022828648077188886,5.377187848822594e-05
2,-1.9136273348778375e-06,6.249751363480483e-08
3,9.755415311635504e-10,3.6992337578058e-11
4,-2.571496519340192e-13,1.1737134693412193e-14
5,3.631959060167274e-17,1.890515592974462e-18
6,-2.111639749480552e-21,1.2075623262882204e-22
