,par,err
0,0.601206509532148,0.030261037675096504
1,0.0015658127603358151,8.81728208669399e-05
2,-1.0282882189171743e-06,1.0248072690853391e-07
3,4.5427164016937406e-10,6.065842793577042e-11
4,-1.0290788744631869e-13,1.9246038447737394e-14
5,1.3443050240624312e-17,3.0999834998640787e-18
6,-7.691649984223441e-22,1.9801063072198496e-22
