,par,err
0,0.8119624683011247,0.01395713136795176
1,0.0015501157412540361,4.066746271417029e-05
2,-1.2443887435679646e-06,4.7266619734626616e-08
3,6.634284439125654e-10,2.7977153775770734e-11
4,-1.731833433143465e-13,8.876745999243772e-15
5,2.4625810335960756e-17,1.4297889351388505e-18
6,-1.444769233532484e-21,9.132742316509807e-23
