,par,err
0,0.5196394455800641,0.0187014233941824
1,0.0023636814283932626,5.449110588801596e-05
2,-2.145252090960012e-06,6.333344904900045e-08
3,1.1702369633499644e-09,3.748712764031579e-11
4,-3.255870460946848e-13,1.1894123878135232e-14
5,4.780230939195172e-17,1.9158019320657494e-18
6,-2.8370067929618465e-21,1.223713819727528e-22
