,par,err
0,1.7632083442440578,0.03781235834456093
1,-0.0001613251058480923,0.00011017527183140444
2,2.2103804235047205e-07,1.2805337071070861e-07
3,9.695450642747734e-11,7.57948012891151e-11
4,-3.551716767868989e-14,2.4048564503008572e-14
5,7.683172601874323e-18,3.8735291694096905e-18
6,-6.20790382016223e-22,2.474205092729665e-22
