,par,err
0,0.4985647220727811,0.020104121131501587
1,0.00264307974070088,5.857819826725994e-05
2,-2.540452697508671e-06,6.808375322480127e-08
3,1.4312859996336009e-09,4.029883306478828e-11
4,-4.065585978269532e-13,1.278623602006818e-14
5,6.037992480631566e-17,2.05949532760053e-18
6,-3.6086527602178174e-21,1.3154974661436088e-22
