,par,err
0,1.2923428627882732,0.019730008579506464
1,3.830372557002849e-06,5.748799145937531e-05
2,5.225075438850999e-07,6.681645629808689e-08
3,-3.4653865005660077e-10,3.954861288112264e-11
4,1.2626641891612217e-13,1.2548183783609277e-14
5,-1.9937122124364134e-17,2.0211532371559013e-18
6,1.1495794379129111e-21,1.2910098515777615e-22
