,par,err
0,0.8178682191240968,0.02989178400838693
1,0.001801100846212799,8.709691309001044e-05
2,-1.6579012227922198e-06,1.0123023539177573e-07
3,9.610240586946583e-10,5.991826480916944e-11
4,-2.719851504934918e-13,1.9011197794487533e-14
5,4.070625686783389e-17,3.0621578924823076e-18
6,-2.459554679326692e-21,1.9559456417512504e-22
