,par,err
0,-0.7014130950613662,0.060821368875725104
1,0.005650583279884743,0.00017721774576710516
2,-5.663772887720031e-06,2.0597513320364487e-07
3,3.0827726170584467e-09,1.2191689253969068e-10
4,-8.813984024760797e-13,3.868247418692166e-14
5,1.2960658265190584e-16,6.230637005168395e-18
6,-7.595421275973571e-21,3.979804612026054e-22
