,par,err
0,1.123606338717487,0.047396437769361
1,0.0013890692899290662,0.00013810092134257038
2,-1.3946922743183555e-06,1.6051070466187005e-07
3,9.245668662681695e-10,9.500641327542171e-11
4,-2.736621416788783e-13,3.014415539393678e-14
5,4.254157484186448e-17,4.855357168620243e-18
6,-2.64699720944232e-21,3.1013469769607304e-22
