,par,err
0,0.5778426213110466,0.01129105172454739
1,0.0016243338170566974,3.289919617989365e-05
2,-1.0868702520778737e-06,3.823779039056834e-08
3,4.848817634429263e-10,2.2632985306298675e-11
4,-1.1196307696761935e-13,7.181120695295296e-15
5,1.4917422725975643e-17,1.1566727623347187e-18
6,-8.705267673865024e-22,7.388222291434535e-23
