,par,err
0,0.9997489382321448,0.06038692088181746
1,0.001594175589133162,0.0001759518425771291
2,-1.5636665373272999e-06,2.045037724823153e-07
3,9.874146641082218e-10,1.2104597257578911e-10
4,-2.921241091803571e-13,3.840613928997792e-14
5,4.582970085248446e-17,6.186126939943923e-18
6,-2.908944370975203e-21,3.9513739161563543e-22
