,par,err
0,0.1963908486035449,0.03197022643491065
1,0.0029625083280545566,9.315297328350009e-05
2,-2.6553201530351853e-06,1.082690486078596e-07
3,1.3868189764635818e-09,6.408456603900352e-11
4,-3.788417375338605e-13,2.0333112247538902e-14
5,5.44362652295322e-17,3.2750815397804464e-18
6,-3.1656280606214484e-21,2.0919508167224208e-22
