,par,err
0,2.2186299579570306,0.03806706468129049
1,-0.001545051754495723,0.00011091756946221777
2,1.7323417909649945e-06,1.2891631053000514e-07
3,-7.685566867547869e-10,7.630568540535217e-11
4,2.1662999407580822e-13,2.4210691419638e-14
5,-2.930465459600401e-17,3.899647313457919e-18
6,1.5044892762781743e-21,2.490890105505474e-22
