,par,err
0,0.32127772805675964,0.07709476084095666
1,0.0037334710148999198,0.00022463416510122244
2,-3.96660580194646e-06,2.6108584187796004e-07
3,2.3884086366052253e-09,1.5453695203169016e-10
4,-7.081481383895013e-13,4.9032342086445866e-14
5,1.080786142175222e-16,7.897702967154369e-18
6,-6.5649657667335476e-21,5.044638668279318e-22
