,par,err
0,0.32311547640328375,0.028007147257597377
1,0.00352865248570173,8.160557920567245e-05
2,-3.6731581891250095e-06,9.484781687108965e-08
3,2.158686892907733e-09,5.614050100614317e-11
4,-6.317081003902049e-13,1.7812564526186734e-14
5,9.523913894257699e-17,2.869091776367346e-18
6,-5.708916193875762e-21,1.832624643132706e-22
