,par,err
0,-1.4469027911081633,0.058896883269937646
1,0.007634179427046092,0.00017161027092425394
2,-7.760595195068992e-06,1.9945769930842638e-07
3,4.206404321835709e-09,1.1805919874587444e-10
4,-1.2024270868609419e-12,3.745847801122386e-14
5,1.7587303932992822e-16,6.033485546528764e-18
6,-1.0223554851179755e-20,3.8538742189754746e-22
