,par,err
0,0.4497495185499685,0.07734345186904752
1,0.003407921842005965,0.00022535875900136945
2,-3.6406338208126254e-06,2.6192798716461177e-07
3,2.2207642703336692e-09,1.550354054258287e-10
4,-6.605425588374513e-13,4.919049276996377e-14
5,1.009648486095597e-16,7.923176597520559e-18
6,-6.1412467127225815e-21,5.060910238943146e-22
