,par,err
0,1.8827594607345657,0.039657490124869306
1,-0.0007814876140492818,0.00011555163815941639
2,9.803000949773e-07,1.3430232514236474e-07
3,-3.984244569315984e-10,7.949365417822341e-11
4,1.1263316833067878e-13,2.5222182580028175e-14
5,-1.422608120418878e-17,4.06256888736276e-18
6,6.208761175435206e-22,2.594955692965662e-22
