,par,err
0,-0.05657425929012798,0.061065917477355305
1,0.0044296877257099096,0.000177930163430672
2,-4.585708460985106e-06,2.0680285483036633e-07
3,2.6182005603024056e-09,1.2240657736694771e-10
4,-7.605572273949369e-13,3.8837755740960856e-14
5,1.13587423085178e-16,6.2556335146792114e-18
6,-6.763733155150426e-21,3.9957617022265724e-22
