,par,err
0,0.673254601285441,0.032268558718301116
1,0.0016949553027552893,9.402222765812703e-05
2,-1.3195977317321206e-06,1.0927934017456789e-07
3,6.750861676986909e-10,6.468254388227657e-11
4,-1.7719384308211734e-13,2.0522836512998176e-14
5,2.5687634774862298e-17,3.305639824668376e-18
6,-1.5514994556118331e-21,2.1114693753783085e-22
