,par,err
0,-1.4692476412318105,0.052193759842744485
1,0.00715257333002599,0.00015207910622674716
2,-7.024964256283979e-06,1.767571943385794e-07
3,3.722649272773783e-09,1.0462275768908307e-10
4,-1.0547459388442838e-12,3.3195293227136766e-14
5,1.536493250737066e-16,5.3468096298533165e-18
6,-8.922898505156143e-21,3.415262204615198e-22
