,par,err
0,0.3167187931041099,0.01744610233972156
1,0.003139375695558515,5.083341150196164e-05
2,-3.0839390281845366e-06,5.908220224614495e-08
3,1.7352286078128447e-09,3.497080462073271e-11
4,-4.974804830438185e-13,1.1095730019444972e-14
5,7.408352382587359e-17,1.7872035857233512e-18
6,-4.415411289412468e-21,1.1415719915614964e-22
