,par,err
0,1.3862673079077357,0.026828222945563272
1,0.0002639267220298598,7.816995446475935e-05
2,-2.8782373147152442e-09,9.085431939794726e-08
3,5.5292381764479826e-11,5.377675762037417e-11
4,-7.015619685972861e-15,1.706267862452809e-14
5,1.540472729061533e-18,2.7483367955357886e-18
6,-1.7687244379866597e-22,1.755518679770768e-22
