,par,err
0,2.4764830292310815,0.03638319413848505
1,-0.002061385068083047,0.00010601119348423269
2,2.2430992381752597e-06,1.232137541274024e-07
3,-1.000238366745245e-09,7.293032929586076e-11
4,2.830821092882016e-13,2.3139738005335116e-14
5,-3.8852054641382506e-17,3.72714735701654e-18
6,2.0317605126998216e-21,2.3807062685373444e-22
