,par,err
0,0.6971177706883485,0.02779265083191217
1,0.0018601417595256698,8.098059849513476e-05
2,-1.573264838981817e-06,9.412143335787766e-08
3,8.387710232596297e-10,5.571056417414145e-11
4,-2.2288304677022942e-13,1.7676156437392283e-14
5,3.180834333038554e-17,2.8471211893085773e-18
6,-1.865625946417402e-21,1.81859158772921e-22
