,par,err
0,0.49574100020080447,0.02496153292347142
1,0.002156614916695813,7.273143553062423e-05
2,-1.793276695557353e-06,8.453364977169919e-08
3,9.191479407307597e-10,5.0035538656841744e-11
4,-2.43467424339921e-13,1.5875550955366496e-14
5,3.465489976756028e-17,2.5570951249504978e-18
6,-2.0255558175432297e-21,1.6333380445577057e-22
