,par,err
0,1.5572456424057994,0.029568839309630824
1,0.00019741021401877302,8.615590495383076e-05
2,-1.3636068830578828e-07,1.0013649444305899e-07
3,2.820557242539187e-10,5.927086183168096e-11
4,-1.1064126706377205e-13,1.8805781876189767e-14
5,2.3903261200331332e-17,3.0290707657071755e-18
6,-1.9543517556191504e-21,1.9348111485874772e-22
