,par,err
0,1.3301898623288342,0.013833813752035977
1,0.00038652048813517037,4.030812846385888e-05
2,-1.1957431505481157e-07,4.684895725518821e-08
3,1.251859983784721e-10,2.772992967630473e-11
4,-3.5162338110846014e-14,8.798303146776275e-15
5,7.836592599408225e-18,1.4171537978607207e-18
6,-7.144302899399809e-22,9.052034630324782e-23
