,par,err
0,2.1742285115064335,0.018456499828550983
1,-0.0021163468591280914,5.377746277473257e-05
2,2.674178774523054e-06,6.250400403066313e-08
3,-1.4549895057771642e-09,3.699617977585051e-11
4,4.348350422900362e-13,1.1738353753550504e-14
5,-6.286515068451153e-17,1.8907119272961086e-18
6,3.479649645005319e-21,1.2076876977652702e-22
