,par,err
0,1.296221762799019,0.025606527521260348
1,0.0008717301433441959,7.461080125514961e-05
2,-8.149478697180229e-07,8.671800277968132e-08
3,6.18604541012312e-10,5.1328470308963825e-11
4,-1.965064243893806e-13,1.628578279828207e-14
5,3.448570202898971e-17,2.6231722003798268e-18
6,-2.4406159501014713e-21,1.6755448835623275e-22
