,par,err
0,1.3186655617039176,0.005138166375103948
1,-6.321494441621718e-05,1.4971276837114204e-05
2,5.778012589723849e-07,1.740066996613364e-08
3,-3.5763802269886533e-10,1.029946140561843e-11
4,1.2020370132878785e-13,3.267866100589416e-15
5,-1.713660018829845e-17,5.263586775397771e-19
6,8.624271677740304e-22,3.3620982083747944e-23
