,par,err
0,1.1233921161071487,0.010922978469130694
1,0.00018360991730345577,3.1826731506038804e-05
2,4.186033492065784e-07,3.6991299718977517e-08
3,-3.0731377183970447e-10,2.1895187485066722e-11
4,1.0813908562806404e-13,6.947027805993382e-15
5,-1.5565859999076308e-17,1.1189669813638971e-18
6,7.750923878656604e-22,7.147375756174347e-23
