,par,err
0,2.829618571937605,0.06770211196471343
1,-0.0029952956091715034,0.00019726637917144327
2,3.20876204689605e-06,2.2927699775540594e-07
3,-1.4931604925215002e-09,1.3570923602200666e-10
4,4.1197941229221544e-13,4.3058569426686755e-14
5,-5.49669762845839e-17,6.935497680279612e-18
6,2.777693709149145e-21,4.430031063337045e-22
