,par,err
0,2.362787235404197,0.009934594756583244
1,-0.002095239033005565,2.894683968533401e-05
2,2.3970305450942217e-06,3.3644084358007085e-08
3,-1.1614931547648623e-09,1.9913965580999158e-11
4,3.267808038931891e-13,6.318413526364084e-15
5,-4.366602805852831e-17,1.0177149744213804e-18
6,2.1781693659619972e-21,6.500628925432774e-23
