,par,err
0,1.5590167945418687,0.008290567803869803
1,-0.00021728657219563866,2.4156551590367254e-05
2,5.127816906049258e-07,2.8076432587083828e-08
3,-2.1032164769433544e-10,1.6618437552100297e-11
4,5.976388196999043e-14,5.272778717712367e-15
5,-5.6974902297485004e-18,8.492911637187022e-19
6,3.8017456438905753e-23,5.42481144096609e-23
