,par,err
0,1.5691294561576423,0.02979268510655709
1,0.00013865636476197412,8.68082452176495e-05
2,-3.242928542551688e-08,1.008947747097895e-07
3,1.9496559930136123e-10,5.971970034520489e-11
4,-7.393189184996101e-14,1.8948181211689615e-14
5,1.6552994177847604e-17,3.0520034476036124e-18
6,-1.4154971785232712e-21,1.9494560134967328e-22
