,par,err
0,1.2511204580525488,0.013111646833439163
1,-0.00018057426430839458,3.8203965312287136e-05
2,8.356426342295438e-07,4.4403394790341076e-08
3,-5.519075722858848e-10,2.628242126543778e-11
4,1.8517887817741612e-13,8.339035271643165e-15
5,-2.7827066995806065e-17,1.343179536330352e-18
6,1.539754031690132e-21,8.579528150249629e-23
