,par,err
0,1.9693617583967882,0.019324751474122274
1,-0.001572844847583921,5.6307320668336226e-05
2,2.1014206703519872e-06,6.5444380669784e-08
3,-1.1491905973730032e-09,3.8736588382474436e-11
4,3.4772764461959076e-13,1.2290559205387427e-14
5,-5.029739491928524e-17,1.9796561925161578e-18
6,2.7606757675421956e-21,1.2645005152190897e-22
