,par,err
0,1.529544984117914,0.03574530491866865
1,0.000505638384323335,0.00010415253222034257
2,-5.652566152882904e-07,1.2105345932087788e-07
3,5.887713128826562e-10,7.165163163163219e-11
4,-2.0651085490008116e-13,2.2734019653933407e-14
5,3.8483886681808785e-17,3.661796753859546e-18
6,-2.805297155700025e-21,2.338963008215204e-22
