,par,err
0,1.200105641131586,0.013599561588508939
1,0.0007183304281785989,3.9625614201984256e-05
2,-4.528379979734768e-07,4.605573093686702e-08
3,2.929674037919282e-10,2.726044026384468e-11
4,-7.963349427635764e-14,8.649347049297463e-15
5,1.3738301208082953e-17,1.3931620495823458e-18
6,-1.0258678788049042e-21,8.898792005176852e-23
