,par,err
0,2.2712915050389983,0.01290711237288426
1,-0.0018688917480651956,3.760797854343775e-05
2,2.1733670833259907e-06,4.37106686144574e-08
3,-1.0482323108903366e-09,2.5872382565269794e-11
4,2.954441068516741e-13,8.208932612361231e-15
5,-3.907079859377912e-17,1.3222233706502282e-18
6,1.895128563910924e-21,8.445669739663909e-23
