,par,err
0,1.4544520073892806,0.006450699002189785
1,-0.0004203326965793444,1.879566877826504e-05
2,9.521427803943456e-07,2.1845669810016515e-08
3,-5.573755046020491e-10,1.2930474394981444e-11
4,1.7729280390532018e-13,4.102653522723084e-15
5,-2.5372565813010233e-17,6.608198560023525e-19
6,1.323026761815026e-21,4.2209718361478505e-23
