,par,err
0,3.599055182932779,0.06592870642645636
1,-0.005040778169200376,0.00019209916997427995
2,5.371105007428669e-06,2.2327133701048724e-07
3,-2.6537193472581035e-09,1.321544985315497e-10
4,7.447926074716592e-13,4.193070785288577e-14
5,-1.0318124567327071e-16,6.753832498075712e-18
6,5.5257792536884044e-21,4.3139934801567605e-22
