,par,err
0,2.165524314697327,0.010294772099093442
1,-0.0015710121923560184,2.9996301208071433e-05
2,1.8387572733834135e-06,3.4863842145667e-08
3,-8.569185226894674e-10,2.063594219096586e-11
4,2.3704548581677344e-13,6.547486976835626e-15
5,-3.011277577081994e-17,1.054612315417811e-18
6,1.3572373438727292e-21,6.736311281836969e-23
