,par,err
0,1.4008740812009581,0.011172541559099388
1,-0.0005685466140640412,3.255389698683767e-05
2,1.232201141430536e-06,3.7836466017967294e-08
3,-7.556293257718052e-10,2.2395442660581274e-11
4,2.405103145182066e-13,7.105751386091338e-15
5,-3.5378499991729545e-17,1.1445327176363334e-18
6,1.9483232188232664e-21,7.310675781567115e-23
