,par,err
0,0.5000833497818579,0.029903474775460463
1,0.002439101304347887,8.713097746059628e-05
2,-2.2501081954343844e-06,1.0126982713830309e-07
3,1.2405071731612935e-09,5.994169972558142e-11
4,-3.500983312811892e-13,1.90186336338815e-14
5,5.2076026386385466e-17,3.0633556542427206e-18
6,-3.127484053372913e-21,1.9567108011808043e-22
