,par,err
0,0.4954925100868762,0.04246584547318944
1,0.0019193016408198087,0.00012373447904188888
2,-1.480764040221857e-06,1.4381303245589344e-07
3,7.396212889983588e-10,8.512306359705262e-11
4,-1.9657949598086662e-13,2.7008316053928747e-14
5,2.862352002275529e-17,4.3502640032059505e-18
6,-1.71812885101299e-21,2.7787202447390616e-22
