,par,err
0,0.04646781508519476,0.039770717103787115
1,0.00387664216940786,0.00011588129233260979
2,-3.8858846415719344e-06,1.346851413532747e-07
3,2.1796735426907183e-09,7.972005183110177e-11
4,-6.29593994907807e-13,2.5293965616976395e-14
5,9.398963429953757e-17,4.074125202860295e-18
6,-5.6010720651288086e-21,2.602334757679242e-22
