,par,err
0,-1.1167500621455606,0.05000702312895261
1,0.007618608425765937,0.00014570751460662315
2,-8.128012623883493e-06,1.6935165924497323e-07
3,4.640345691575321e-09,1.0023940011131854e-10
4,-1.355418359551266e-12,3.180451116963144e-14
5,2.016380301388497e-16,5.1227935188514656e-18
6,-1.1886084912242887e-20,3.2721717897430976e-22
