,par,err
0,0.14890621691728526,0.03553861024116328
1,0.003124058478779737,0.00010355029525776943
2,-2.8671250546888822e-06,1.2035352128045306e-07
3,1.5238409225404325e-09,7.123735457619057e-11
4,-4.2495089087131063e-13,2.2602581937755727e-14
5,6.209026421667134e-17,3.6406270565304616e-18
6,-3.655717761643199e-21,2.3254417882181106e-22
