,par,err
0,-0.89153822593223,0.042551813790338455
1,0.006180338489518474,0.00012398497497515844
2,-6.253982083034078e-06,1.4410418603279303e-07
3,3.4180503724521877e-09,8.529540678221994e-11
4,-9.834175666265131e-13,2.706300177513094e-14
5,1.4528374035916973e-16,4.359072969030361e-18
6,-8.538998641935385e-21,2.7843474255181277e-22
