,par,err
0,-0.1737296052531051,0.04474692187927768
1,0.003964256495014153,0.00013038088491295878
2,-3.733255358374073e-06,1.5153790343024867e-07
3,1.974643951553071e-09,8.969541112530872e-11
4,-5.495607649546194e-13,2.8459060326712775e-14
5,7.93989609833143e-17,4.583939210341871e-18
6,-4.597889676275529e-21,2.927981484947909e-22
