,par,err
0,-1.2272474787915997,0.03451833712104073
1,0.007053136676295826,0.00010057747537374952
2,-7.153256894664177e-06,1.1689828737694823e-07
3,3.886824408447772e-09,6.919218855587188e-11
4,-1.1136904095890736e-12,2.1953676389889894e-14
5,1.6364273373179283e-16,3.536106242393114e-18
6,-9.573243603311677e-21,2.258678729876014e-22
