,par,err
0,0.14341631626624507,0.05052372713843691
1,0.004220491024406017,0.00014721318049681865
2,-4.4753929408331354e-06,1.711018393836657e-07
3,2.6428710872585147e-09,1.0127546185569458e-10
4,-7.709147724432114e-13,3.213328213513666e-14
5,1.150355584191727e-16,5.17575592250675e-18
6,-6.812345716776158e-21,3.3060054988783537e-22
