,par,err
0,0.8329040781371618,0.033698087659757514
1,0.002164605043186211,9.818750228362278e-05
2,-2.2365323177392534e-06,1.1412051863858104e-07
3,1.4000698251214593e-09,6.75480433522831e-11
4,-4.2085838937178564e-13,2.143201893847776e-14
5,6.614181984679775e-17,3.4520831798107897e-18
6,-4.1574576056674796e-21,2.205009843882846e-22
