,par,err
0,-1.2091032088893483,0.045979392203467494
1,0.007802470429103994,0.00013397203746112323
2,-8.24828505910047e-06,1.557118518632698e-07
3,4.662259903966597e-09,9.216599087263438e-11
4,-1.3495827241596176e-12,2.924293844945204e-14
5,1.99265141801786e-16,4.710198271373719e-18
6,-1.1684238334115128e-20,3.008627950118248e-22
