,par,err
0,-1.789965803171389,0.03742141072680661
1,0.008314453493561913,0.00010903630541295653
2,-8.39439322394208e-06,1.2672977572176032e-07
3,4.512380770298909e-09,7.501147744757403e-11
4,-1.2882576963948958e-12,2.3800059410780727e-14
5,1.8821603002047306e-16,3.833506647058047e-18
6,-1.0928117039206382e-20,2.448643231156278e-22
