,par,err
0,-1.4390874878660784,0.03511408784596294
1,0.008260977543751897,0.0001023133661494997
2,-8.741684134863892e-06,1.1891589825288782e-07
3,4.923359693270519e-09,7.038643437438011e-11
4,-1.4399780638955799e-12,2.2332599575597292e-14
5,2.151564823185145e-16,3.597140804114427e-18
6,-1.2758838827275252e-20,2.297664952769332e-22
