,par,err
0,-1.0345442642028568,0.04217702430730773
1,0.005990705892744008,0.00012289291442880068
2,-5.789150040738226e-06,1.4283489060210555e-07
3,3.054713817759712e-09,8.454409434316914e-11
4,-8.6163421679689e-13,2.6824615902876627e-14
5,1.2536139604632706e-16,4.320675020025237e-18
6,-7.279683036009943e-21,2.7598202864480865e-22
