,par,err
0,0.132230292254037,0.041111903529579996
1,0.0033968414757732006,0.00011978945074433384
2,-3.2400127505369907e-06,1.3922785364856487e-07
3,1.7589101090631517e-09,8.240910163370355e-11
4,-4.94914342605207e-13,2.6147218630555095e-14
5,7.253007921252651e-17,4.211566461160991e-18
6,-4.270025189960509e-21,2.690127903018404e-22
