,par,err
0,-0.93685987000352,0.043776064895866586
1,0.005740128669107945,0.00012755210242972943
2,-5.540056208687707e-06,1.4825013310838896e-07
3,2.9334507314614083e-09,8.774938179543584e-11
4,-8.316076474798277e-13,2.7841608457414494e-14
5,1.2179871211264187e-16,4.48448357408775e-18
6,-7.118480934259781e-21,2.8644528014686844e-22
