,par,err
0,-0.827806008864302,0.04387293397224955
1,0.006245429185482749,0.00012783436516378399
2,-6.438636002727938e-06,1.485782124930401e-07
3,3.575880272113228e-09,8.794358197581983e-11
4,-1.037199722267961e-12,2.7903227879872775e-14
5,1.5406928956123967e-16,4.494409010579862e-18
6,-9.087342777126883e-21,2.8707927629480777e-22
