,par,err
0,-0.1852306322742822,0.038172997532218665
1,0.0037197040861365327,0.00011122622535064371
2,-3.374349229053197e-06,1.29275051324885e-07
3,1.751302769095505e-09,7.651802255993013e-11
4,-4.857779040742398e-13,2.4278062685089295e-14
5,7.05217270303664e-17,3.910498897379737e-18
6,-4.118386872920671e-21,2.4978216090289726e-22
