,par,err
0,-0.7672025496660743,0.03774350750846101
1,0.005571745472827558,0.00010997481054857454
2,-5.468694019737091e-06,1.278205707513185e-07
3,2.928008581175826e-09,7.565711763575664e-11
4,-8.299622623511303e-13,2.4004911355298605e-14
5,1.2117643845223938e-16,3.866502376503017e-18
6,-7.056051803171557e-21,2.4697192018107267e-22
