,par,err
0,-0.4836115812019888,0.04073624353697899
1,0.004769387091285766,0.00011869486114999501
2,-4.5683883178762895e-06,1.3795562852066683e-07
3,2.4182156630822934e-09,8.165606332956922e-11
4,-6.772528286891604e-13,2.5908288845207235e-14
5,9.834204723854572e-17,4.173081748751479e-18
6,-5.7266291632080566e-21,2.665545904879634e-22
