,par,err
0,-0.7899241020152848,0.03478106567825643
1,0.005601997792966325,0.000101343018125893
2,-5.476213198974869e-06,1.1778808412984888e-07
3,2.926177944747158e-09,6.971887911215119e-11
4,-8.309028747099576e-13,2.212079432240765e-14
5,1.2208392095265815e-16,3.563025288810279e-18
6,-7.180653241061264e-21,2.275874032504152e-22
