,par,err
0,1.0037106551495,0.022453637214436932
1,0.0005113240805961545,6.542408619879569e-05
2,6.537833296962766e-08,7.604053505056532e-08
3,-1.168786633681431e-10,4.5008457401002836e-11
4,5.4359293832460695e-14,1.4280530555078788e-14
5,-8.050459487906247e-18,2.3001829701321293e-18
6,3.6494646162298965e-22,1.469235866879804e-22
