,par,err
0,2.3448950262373307,0.024207069197689248
1,-0.0017182824455323144,7.053314646780178e-05
2,1.8899140668378014e-06,8.197866939769027e-08
3,-8.135273346448802e-10,4.852325925637004e-11
4,2.285511909969891e-13,1.5395731071276613e-14
5,-3.0404446262413403e-17,2.4798105499611757e-18
6,1.4878122318547187e-21,1.5839729893118962e-22
