,par,err
0,0.954675023591511,0.02435648399497132
1,0.0011963403626257761,7.096847914017941e-05
2,-9.062536940721421e-07,8.248462013050656e-08
3,5.086218658843355e-10,4.8822721087649027e-11
4,-1.3938146462504107e-13,1.5490743688578314e-14
5,2.1758412999210576e-17,2.4951141484800194e-18
6,-1.4249922382125707e-21,1.5937481307993164e-22
