,par,err
0,1.4355655007176202,0.026533381123033013
1,0.000543984423438598,7.731139143787423e-05
2,-5.144732997958821e-07,8.985679505575694e-08
3,4.812244215848511e-10,5.318630901844884e-11
4,-1.630017309969348e-13,1.6875243041992922e-14
5,3.0215591711269657e-17,2.7181165133568852e-18
6,-2.2155426984796817e-21,1.7361898292185788e-22
