,par,err
0,0.03556837548085094,0.02419740052588577
1,0.0031049706673495284,7.050494870617425e-05
2,-2.7004235119104552e-06,8.194586613751002e-08
3,1.3824754834122248e-09,4.850383137972745e-11
4,-3.806301674806683e-13,1.538956594686086e-14
5,5.585424355111325e-17,2.478817791763119e-18
6,-3.3375134121723762e-21,1.5833393274336793e-22
