,par,err
0,1.4241610586435518,0.04052013923105883
1,0.0007328636991003906,0.00011806522980242846
2,-7.089122480114979e-07,1.3722387619123684e-07
3,5.902504057554662e-10,8.122297153201347e-11
4,-1.7902320599047368e-13,2.5770885323307797e-14
5,2.9787846269137456e-17,4.150951447122832e-18
6,-2.0201573214130936e-21,2.6514111403522743e-22
