,par,err
0,1.5286894243662823,0.0407592581239273
1,0.00048422604328913197,0.00011876190916975184
2,-4.918935734574631e-07,1.3803354234340657e-07
3,5.073119297455367e-10,8.170217129646058e-11
4,-1.6735662512971292e-13,2.5922914985354063e-14
5,3.020768697853795e-17,4.175436919836555e-18
6,-2.1898097291587912e-21,2.6670498690219343e-22
