,par,err
0,0.0019242438337474521,0.05699980935616349
1,0.004318523759830321,0.00016607998378904412
2,-4.539784871651842e-06,1.9302220700699226e-07
3,2.6489374365206814e-09,1.1424307420442172e-10
4,-7.908409020093276e-13,3.624500623041686e-14
5,1.2180929607009044e-16,5.837558718612098e-18
6,-7.46020808376089e-21,3.728415422914092e-22
