,par,err
0,-0.8349209053441745,0.06916621076232213
1,0.0054646982632298976,0.00020153242355597107
2,-5.240071573130375e-06,2.3423533891365231e-07
3,2.766319027547086e-09,1.3864410514676147e-10
4,-7.818996497742596e-13,4.3989767771176185e-14
5,1.1442035138751892e-16,7.085488136684885e-18
6,-6.697289219048113e-21,4.525837891005169e-22
