,par,err
0,-2.0577002803257405,0.07662537321199492
1,0.009035699893783064,0.00022326648907582843
2,-9.178542144535424e-06,2.5949622544160685e-07
3,4.954509507253068e-09,1.5359605568644829e-10
4,-1.4248853886623172e-12,4.8733809714195965e-14
5,2.1006049026180695e-16,7.849618050189852e-18
6,-1.2321357662011835e-20,5.013924665563428e-22
