,par,err
0,2.11653992553386,0.02116611241069132
1,-0.0013869337224200107,6.167255880876261e-05
2,1.587089105015225e-06,7.168023399412508e-08
3,-6.935051122441063e-10,4.242759173126128e-11
4,1.8362967703335283e-13,1.3461660706457397e-14
5,-2.181691839413645e-17,2.1682869964872275e-18
6,8.817571268687055e-22,1.3849880173721763e-22
