,par,err
0,-1.909175366256312,0.09333839877207886
1,0.009134371887676991,0.0002719639466659122
2,-9.521381417462222e-06,3.160959183796551e-07
3,5.256922000880184e-09,1.8709748422607436e-10
4,-1.5313245984609782e-12,5.936333215266754e-14
5,2.2827291604910856e-16,9.561729173526413e-18
6,-1.352183020098799e-20,6.10753135971583e-22
