,par,err
0,-1.6462212273552443,0.09592453722285697
1,0.00840558309833995,0.00027949925500673616
2,-8.711776753729108e-06,3.248539456715237e-07
3,4.7966163901382585e-09,1.9228133718799936e-10
4,-1.3903551415394408e-12,6.100808355809454e-14
5,2.062637232565372e-16,9.826649628982469e-18
6,-1.2156010631775866e-20,6.276747596291121e-22
