,par,err
0,-2.4542076078164117,0.10478627607280463
1,0.010994893195920468,0.0003053200567511763
2,-1.168074422096516e-05,3.5486472308593125e-07
3,6.538203705368277e-09,2.100447514178889e-10
4,-1.918552359945536e-12,6.664416386796165e-14
5,2.8759274227939066e-16,1.0734461965771095e-17
6,-1.7112034550430588e-20,6.856611795046954e-22
