,par,err
0,-1.4513294469873406,0.0734155592712108
1,0.007641055929545511,0.00021391394332439222
2,-7.773084073037091e-06,2.486260503796464e-07
3,4.224713388120758e-09,1.471619977267867e-10
4,-1.2145870750135678e-12,4.6692377546918404e-14
5,1.792637508171966e-16,7.520802065484692e-18
6,-1.0539271755884418e-20,4.803894303721607e-22
