,par,err
0,-1.6438501003428538,0.08252632934159483
1,0.007923911340674645,0.0002404603581257656
2,-7.983006938074062e-06,2.794801798933563e-07
3,4.2969045204954665e-09,1.6542458116223657e-10
4,-1.2300995372818066e-12,5.24868291083639e-14
5,1.806833472020232e-16,8.454121407529382e-18
6,-1.0567575073705244e-20,5.40004931157196e-22
