,par,err
0,0.5386425263866412,0.05900679360109964
1,0.0028573543005122443,0.00017193051549204785
2,-2.9527138259693443e-06,1.9982990367597184e-07
3,1.770631326531533e-09,1.1827950762462182e-10
4,-5.302872020638533e-13,3.752838032101259e-14
5,8.267030950130892e-17,6.044745210336964e-18
6,-5.150515296943667e-21,3.8610666859121843e-22
