,par,err
0,-0.751138274774059,0.07884448943897608
1,0.005752932158280192,0.00022973239121130805
2,-5.745689273977615e-06,2.670113293709778e-07
3,3.1183950605426427e-09,1.5804423735564092e-10
4,-8.918750202532936e-13,5.014514828286581e-14
5,1.3166198286386176e-16,8.076943341038154e-18
6,-7.769829992032844e-21,5.159127617121516e-22
