,par,err
0,1.479996495995362,0.016184323095396982
1,-0.0004943957930686434,4.715693246200681e-05
2,1.0422687249920526e-06,5.480915881112757e-08
3,-6.165814611120763e-10,3.244159884188282e-11
4,1.9919603182382692e-13,1.0293252684830248e-14
5,-2.95710309177146e-17,1.6579478671768885e-18
6,1.6351037808506067e-21,1.0590103603764363e-22
