,par,err
0,-0.7120749685197715,0.06966583488160898
1,0.0051195142899175036,0.00020298822324238996
2,-4.8543458294468585e-06,2.35927408054027e-07
3,2.5475819484945675e-09,1.396456632061697e-10
4,-7.156780784354832e-13,4.430755499860173e-14
5,1.0430544230919963e-16,7.136675767074765e-18
6,-6.089634648321754e-21,4.558534613882298e-22
