,par,err
0,-1.4978866719583466,0.0732385024289896
1,0.0077855241341701475,0.00021339801619889672
2,-7.953063712343252e-06,2.480263753660474e-07
3,4.339273831701854e-09,1.4680703610886667e-10
4,-1.25361327061207e-12,4.657975008590861e-14
5,1.8594877169389678e-16,7.502660689739706e-18
6,-1.0985112949679239e-20,4.792306447505682e-22
