,par,err
0,-1.1826270375801111,0.06449631210432345
1,0.00640442941395525,0.0001879255533132316
2,-6.257565281003352e-06,2.1842047427778077e-07
3,3.330341647605067e-09,1.29283276123303e-10
4,-9.504079164585386e-13,4.101971222162002e-14
5,1.4005901842283215e-16,6.607097426047974e-18
6,-8.238938812659461e-21,4.2202669097385165e-22
