,par,err
0,1.9504426295558737,0.008603041305612836
1,-0.0012457347044945446,2.506703736395794e-05
2,1.5942242072745259e-06,2.9134700058542725e-08
3,-7.944260389589104e-10,1.724485669073235e-11
4,2.3144841453771065e-13,5.4715439023262655e-15
5,-3.184300250249608e-17,8.81308657255032e-19
6,1.6495670964960696e-21,5.629337541160012e-23
