,par,err
0,2.126554687156,0.01990084943936782
1,-0.0011379270278409554,5.798592508040111e-05
2,1.2630640895277361e-06,6.739537813463088e-08
3,-4.5921354349445775e-10,3.9891386152257716e-11
4,1.1813537510646959e-13,1.2656959915425408e-14
5,-1.2787459925392562e-17,2.038672790864158e-18
6,4.0425388375051153e-22,1.3021971623709704e-22
