,par,err
0,-0.5152904143179303,0.059549702585320816
1,0.0051304201447714025,0.00017351239677702252
2,-5.09427654641926e-06,2.0166845975987508e-07
3,2.7733082023129844e-09,1.1936773459309116e-10
4,-7.943581877116919e-13,3.7873652466896155e-14
5,1.177127642161445e-16,6.100357331238733e-18
6,-6.97989410631867e-21,3.896587773728158e-22
