,par,err
0,-0.06090161420011356,0.012685333821218307
1,0.003898913977329936,3.696173791761851e-05
2,-3.760141348789728e-06,4.2959519865806305e-08
3,2.033166978964636e-09,2.5427755963440607e-11
4,-5.721314180193134e-13,8.067854641768358e-15
5,8.342273942180174e-17,1.2994994241558884e-18
6,-4.864167532669323e-21,8.300521095404964e-23
