,par,err
0,0.01761502759912529,0.019273767184734135
1,0.0039141061605560655,5.615877334560743e-05
2,-3.8839117626801356e-06,6.527175240271116e-08
3,2.1567506344761933e-09,3.863442496247543e-11
4,-6.169498967057016e-13,1.2258149016649348e-14
5,9.129086770957308e-17,1.974436559090993e-18
6,-5.395969151696386e-21,1.2611667908745845e-22
