,par,err
0,0.43237664047168495,0.015293252418782545
1,0.002829310035787612,4.456058227235099e-05
2,-2.7531785476048835e-06,5.179149353273696e-08
3,1.5572617789951566e-09,3.065543896675235e-11
4,-4.468748592672905e-13,9.72652989314695e-15
5,6.686220517813713e-17,1.566665121974367e-18
6,-4.012051131563686e-21,1.0007037636756999e-22
