,par,err
0,0.024388466254884222,0.02156076075606786
1,0.004448240053333842,6.282278136095566e-05
2,-4.623158823774106e-06,7.301744401498203e-08
3,2.6754534516265685e-09,4.321926040787828e-11
4,-7.682269794198117e-13,1.3712890324029136e-14
5,1.131072625128988e-16,2.2087583523104008e-18
6,-6.628382204799674e-21,1.410841477125726e-22
