,par,err
0,0.2548737900738423,0.020641969594343695
1,0.0038513205425508507,6.014535208493443e-05
2,-4.012362575763293e-06,6.99052134318937e-08
3,2.3603070062691034e-09,4.137695929468754e-11
4,-6.820820724882653e-13,1.312831066649903e-14
5,1.0139338436546248e-16,2.114593894221255e-18
6,-6.017389240033632e-21,1.35069164612559e-22
