,par,err
0,-0.5132936875186722,0.021309622126315188
1,0.004574860334870374,6.209071959141221e-05
2,-4.263667278784372e-06,7.216625902008082e-08
3,2.223161626358028e-09,4.27152751446382e-11
4,-6.203081699480497e-13,1.3552939536297412e-14
5,8.998913021207806e-17,2.1829895217408944e-18
6,-5.228361768550428e-21,1.3943792618252321e-22
