,par,err
0,0.05192919946047924,0.02141321066603441
1,0.0033359249157286493,6.239256582302291e-05
2,-3.039923430536125e-06,7.251708524303422e-08
3,1.5874288361434867e-09,4.2922915385674054e-11
4,-4.3424774791186106e-13,1.3618811767238139e-14
5,6.205480614924758e-17,2.1935976820133255e-18
6,-3.569814273722136e-21,1.401153767715646e-22
