,par,err
0,0.9090359799830743,0.01330437568777238
1,0.0019385503928178512,3.876550329031914e-05
2,-1.9659133095123927e-06,4.505602886687967e-08
3,1.235123144506921e-09,2.6668703385079628e-11
4,-3.6709174808633417e-13,8.461593381891379e-15
5,5.721508769547264e-17,1.3629196548568841e-18
6,-3.571525761944435e-21,8.705615171082295e-23
