,par,err
0,0.6727646403618837,0.014859297687737381
1,0.0025605741090686507,4.329614694114478e-05
2,-2.614254126591421e-06,5.032187093116961e-08
3,1.5756406590378678e-09,2.978556416194103e-11
4,-4.617283695268938e-13,9.450529934711247e-15
5,7.035812218636444e-17,1.522209250761085e-18
6,-4.281740356843889e-21,9.723075828799905e-23
