,par,err
0,0.3060352775561459,0.014465966363220594
1,0.00267644643401742,4.2150082495088215e-05
2,-2.3602718583271663e-06,4.89898352973597e-08
3,1.2327694345690194e-09,2.8997131844253997e-11
4,-3.3569447587758917e-13,9.200371836230358e-15
5,4.822820527596745e-17,1.481915977038266e-18
6,-2.8043993791846078e-21,9.46570353965123e-23
