,par,err
0,-0.5426929479303999,0.017200616541727175
1,0.00494358791921749,5.011813969067188e-05
2,-4.774541343963583e-06,5.8250873204089756e-08
3,2.541242517805162e-09,3.4478744816872707e-11
4,-7.153662458006508e-13,1.0939607272698572e-14
5,1.0400145952752522e-16,1.762056661505076e-18
6,-6.0336085105105794e-21,1.125509385618377e-22
