,par,err
0,0.9450573063076618,0.026317923689557387
1,0.0019704379055698468,7.668361100292292e-05
2,-1.972343475795648e-06,8.91271554759913e-08
3,1.2396467369346034e-09,5.275444339316985e-11
4,-3.5553060528928187e-13,1.6738221842197976e-14
5,5.391792507393527e-17,2.6960469260633132e-18
6,-3.3311031312227864e-21,1.7220933386885787e-22
