,par,err
0,0.02361814783402927,0.042121756125554785
1,0.0036977519812415537,0.0001227314758835974
2,-3.5781185238559065e-06,1.4264680962357413e-07
3,1.9582414048229693e-09,8.443258454334586e-11
4,-5.602831228666985e-13,2.678921401403432e-14
5,8.373719440335382e-17,4.314975077383049e-18
6,-5.035158113735419e-21,2.756183864570338e-22
