,par,err
0,-0.6229269992076051,0.0462899399010673
1,0.00486417772704369,0.00013487688049974706
2,-4.5651662484818e-06,1.5676350824111923e-07
3,2.382707464831831e-09,9.278845576324947e-11
4,-6.661568690933469e-13,2.944043404692828e-14
5,9.693792837156632e-17,4.742008572319063e-18
6,-5.668697983912238e-21,3.028946410767666e-22
