,par,err
0,0.7787282718977605,0.02921734425231595
1,0.002425098800016603,8.51317676389089e-05
2,-2.473509309311473e-06,9.894620411015549e-08
3,1.5272309941440386e-09,5.856634819407072e-11
4,-4.4666537371143583e-13,1.8582256423550662e-14
5,6.891987879418012e-17,2.9930682775781316e-18
6,-4.308111066631564e-21,1.9118152646052575e-22
