,par,err
0,0.5756739755573064,0.02794296268541469
1,0.0027834808986258158,8.141855999381736e-05
2,-2.8217103453261566e-06,9.46304602084842e-08
3,1.6817990952342312e-09,5.601186157813089e-11
4,-4.956434901217185e-13,1.7771755975747386e-14
5,7.682527846160946e-17,2.8625200471467945e-18
6,-4.800741532943968e-21,1.8284279483260966e-22
