,par,err
0,0.5684293112546106,0.044543425790313465
1,0.0022213668612069857,0.00012978801512237155
2,-1.9854920288478492e-06,1.5084889604161978e-07
3,1.0855279717892e-09,8.928760634647989e-11
4,-3.046853939857139e-13,2.8329669088370575e-14
5,4.587900548402924e-17,4.563096676630124e-18
6,-2.825051109331598e-21,2.9146670101964278e-22
