,par,err
0,1.3586178594046345,0.026486338752518206
1,0.0006001978715266257,7.717435309642241e-05
2,-4.829009893608931e-07,8.969756053247533e-08
3,4.0318434641878176e-10,5.3092083566980134e-11
4,-1.2849393544154655e-13,1.6845355310060307e-14
5,2.3534758701436712e-17,2.7133038501802637e-18
6,-1.749090041409115e-21,1.7331166177377018e-22
