,par,err
0,-1.0778390629477206,0.040911435409744276
1,0.006111727549743226,0.00011920533829616003
2,-5.931673805470373e-06,1.3854895832756997e-07
3,3.1463788900539337e-09,8.200726502590368e-11
4,-8.953060513709755e-13,2.6019722685814153e-14
5,1.3182205284596128e-16,4.191030743678575e-18
6,-7.762053921876756e-21,2.6770108553867036e-22
