,par,err
0,0.6008248128315961,0.025107444481466467
1,0.0026431172514090897,7.31566007144538e-05
2,-2.6732765140871724e-06,8.502782878629314e-08
3,1.5955736782501893e-09,5.032805688611416e-11
4,-4.753879626872537e-13,1.5968366800384514e-14
5,7.459809192763205e-17,2.57204572577654e-18
6,-4.718619147275031e-21,1.6428880424313281e-22
