,par,err
0,1.1950830540117778,0.017345230205423647
1,0.00026182341114605227,5.053950407088659e-05
2,2.445914704613936e-07,5.8740612521864124e-08
3,-1.8985707749673867e-10,3.476862409233578e-11
4,7.72113510059697e-14,1.1031583223004011e-14
5,-1.1878595346680303e-17,1.7768716931747526e-18
6,6.160867998959298e-22,1.1349727561877023e-22
