,par,err
0,-0.38693034159650663,0.04772740281464585
1,0.004257312240339332,0.0001390653033288681
2,-3.946546968313362e-06,1.6163161720413517e-07
3,2.063437023184708e-09,9.566990068414014e-11
4,-5.781473211971082e-13,3.035467449784443e-14
5,8.461907035539885e-17,4.8892660957781905e-18
6,-4.984167111519534e-21,3.123006356084651e-22
