,par,err
0,0.4746566725825442,0.026590317312806786
1,0.0032336410280815633,7.747730482230468e-05
2,-3.315493987248145e-06,9.004965647714562e-08
3,1.959437816766574e-09,5.3300481918304773e-11
4,-5.598322142126303e-13,1.6911475503437392e-14
5,8.29742458345038e-17,2.7239538491835145e-18
6,-4.9486721060733495e-21,1.7399193259465488e-22
