,par,err
0,0.4308349914478762,0.03559882095538324
1,0.0028119025289891184,0.00010372576185137973
2,-2.719373308919425e-06,1.2055749513680512e-07
3,1.53875643174401e-09,7.135810506486745e-11
4,-4.45262952496779e-13,2.2640899042891577e-14
5,6.792492440633051e-17,3.646799402096106e-18
6,-4.1892786247801414e-21,2.3293845256739654e-22
