,par,err
0,-2.0732268675243244,0.08370205193652654
1,0.009921687684549782,0.00024388610736761918
2,-1.0472378803380008e-05,2.8346182828143685e-07
3,5.843778019467156e-09,1.6778132273776093e-10
4,-1.704287502062213e-12,5.323458932694234e-14
5,2.541200142674941e-16,8.574563993825402e-18
6,-1.50623088639213e-20,5.476981630946044e-22
