,par,err
0,1.6737866749127852,0.017277438009034838
1,-0.0002593599859446064,5.0341953688120904e-05
2,4.4636997309378677e-07,5.8510955728242727e-08
3,-1.0627982848295702e-10,3.463264642790523e-11
4,2.0798772946564497e-14,1.098842190327532e-14
5,1.3938954702137638e-18,1.7699163761860512e-18
6,-4.5162374445707975e-22,1.1305277457191199e-22
