,par,err
0,0.9942264153556734,0.016241291110618405
1,0.0005132900799310773,4.73229024935074e-05
2,9.040199733679917e-08,5.5002034641622146e-08
3,-1.4682292561388262e-10,3.255574575231787e-11
4,6.84517184650588e-14,1.0329464877181512e-14
5,-1.102663770657713e-17,1.6637798476667219e-18
6,5.973753925348915e-22,1.0627351059968091e-22
