,par,err
0,-0.10816463871414102,0.03835049894839205
1,0.0040208905128436894,0.00011174342654197732
2,-3.88758965135628e-06,1.2987616843910992e-07
3,2.104909168068075e-09,7.687381461015623e-11
4,-5.961684800696041e-13,2.4390946609343124e-14
5,8.802224391889194e-17,3.92868078635003e-18
6,-5.233431798032048e-21,2.5094349816727935e-22
