,par,err
0,-1.5805927355242937,0.06441798251465464
1,0.008596613061593475,0.00018769731322351344
2,-9.0562924929111e-06,2.1815519781794465e-07
3,5.077631576095928e-09,1.291262627701324e-10
4,-1.484038497902178e-12,4.096989781079077e-14
5,2.2232481001567013e-16,6.5990748039888e-18
6,-1.3258354399425263e-20,4.2151432037440187e-22
