,par,err
0,0.4512257895191042,0.021660220737102363
1,0.002578545494271092,6.311227146483427e-05
2,-2.412809647446903e-06,7.335357843891131e-08
3,1.3399895841908949e-09,4.341804859644449e-11
4,-3.834678421789473e-13,1.3775918611144986e-14
5,5.777208426342389e-17,2.218904915317746e-18
6,-3.503473490711532e-21,1.4173200607279894e-22
