,par,err
0,0.6382727531915672,0.013275017789230957
1,0.0017454628415782968,3.867996057787805e-05
2,-1.3206842559633054e-06,4.495660644871329e-08
3,6.432627885894181e-10,2.6609857025481778e-11
4,-1.576584126975791e-13,8.442923232113012e-15
5,2.125238587446837e-17,1.359912608424157e-18
6,-1.2086536405667023e-21,8.686408936820423e-23
