,par,err
0,0.09685881524561979,0.027469346337568153
1,0.003999557633606245,8.003855499037178e-05
2,-4.121470897756716e-06,9.30265286288696e-08
3,2.372279634039625e-09,5.506250486159379e-11
4,-6.931094565231536e-13,1.7470543920838503e-14
5,1.0443165841355036e-16,2.814004343150637e-18
6,-6.272659399274432e-21,1.7974392434021236e-22
