,par,err
0,1.110771600841599,0.013758445040963867
1,0.0009910385480316926,4.0088547363271116e-05
2,-7.749332233209185e-07,4.659376784097978e-08
3,4.778999424676802e-10,2.7578893761440053e-11
4,-1.3265681834410947e-13,8.750384139778823e-15
5,2.0665176050385756e-17,1.4094356367469997e-18
6,-1.332044300140651e-21,9.002735424053529e-23
