,par,err
0,-1.8785538428922475,0.0600356926249671
1,0.009680527922924212,0.0001749284686998103
2,-1.0363570152056852e-05,2.0331434369881808e-07
3,5.88035295113516e-09,1.2034194986601545e-10
4,-1.7253763748543106e-12,3.81827619111255e-14
5,2.576747878372647e-16,6.1501467506246785e-18
6,-1.5239328350942697e-20,3.9283911536839883e-22
