,par,err
0,1.7254457141321042,0.011626680528312857
1,-0.00027905226000022373,3.387715242864293e-05
2,4.2694691221523744e-07,3.937446056537479e-08
3,-7.386810385913245e-11,2.3305792907834072e-11
4,1.482420540977121e-14,7.394596495061409e-15
5,9.673014748249405e-19,1.1910582565596597e-18
6,-3.107693306355536e-22,7.607863252832132e-23
