,par,err
0,1.3504922519289637,0.017439193192304376
1,0.0007740341388855221,5.0813300393108604e-05
2,-7.478526135030231e-07,5.905885117136601e-08
3,5.894330955195457e-10,3.495699516075376e-11
4,-1.842112033898801e-13,1.1091351331581596e-14
5,3.0950656317973976e-17,1.786498618964532e-18
6,-2.0797207755697145e-21,1.1411218205941264e-22
