,par,err
0,-0.17403114158950336,0.01131668153283415
1,0.004228186301318807,3.2973868275337924e-05
2,-4.142573275874627e-06,3.832457203692511e-08
3,2.260131445689029e-09,2.2684348593464888e-11
4,-6.447719165306453e-13,7.197417121567848e-15
5,9.530570517613395e-17,1.159297689565676e-18
6,-5.6394554215691454e-21,7.404989426712286e-23
