,par,err
0,0.970614020358649,0.015556720944795549
1,0.0017570513373660048,4.5328257423664935e-05
2,-1.7520122359935077e-06,5.2683735065816097e-08
3,1.105513279173617e-09,3.1183554112405256e-11
4,-3.245642794077579e-13,9.894091984800844e-15
5,5.017111469761912e-17,1.5936543457423722e-18
6,-3.1282786874489808e-21,1.0179429391240268e-22
