,par,err
0,1.1899873755424324,0.05243363650550894
1,0.0010810905773258495,0.00015277803179239156
2,-1.0218468966061143e-06,1.7756951484630845e-07
3,7.014709829686585e-10,1.0510355437686093e-10
4,-2.125619573913947e-13,3.3347837011051054e-14
5,3.4687948567820496e-17,5.371378931638512e-18
6,-2.289671296221705e-21,3.4309550505920197e-22
