,par,err
0,-0.5634249548495451,0.05582185321222945
1,0.00609422446271397,0.0001626504118892275
2,-6.4505671940574525e-06,1.8904389061720105e-07
3,3.6989118028609114e-09,1.1189524615002626e-10
4,-1.0718660768058604e-12,3.5502742428305495e-14
5,1.5830155859247468e-16,5.718472381805987e-18
6,-9.26802391130159e-21,3.6526601893817233e-22
