,par,err
0,0.6810148547931417,0.01452441732057661
1,0.0013485816339254793,4.2320407135619165e-05
2,-7.930114276128622e-07,4.91878135073068e-08
3,3.2548786857252103e-10,2.911432370262415e-11
4,-6.568208661496242e-14,9.237557974200594e-15
5,8.081464069595927e-18,1.4879060202998597e-18
6,-4.641473981809802e-22,9.50396743748134e-23
