,par,err
0,1.8514821114904234,0.04949473554105559
1,-0.0006817355636728826,0.00014421480626893767
2,8.444837137058285e-07,1.6761670295427882e-07
3,-3.0014868903942747e-10,9.921247494085374e-11
4,7.434797440466734e-14,3.147868698931853e-14
5,-6.951772219551182e-18,5.0703141366382715e-18
6,1.1267557019584477e-22,3.238652240026327e-22
