,par,err
0,0.9435604192599694,0.015312072590968034
1,0.0014860536170575827,4.461541092145585e-05
2,-1.3579098565674654e-06,5.1855207174241824e-08
3,8.265572486679136e-10,3.069314197975742e-11
4,-2.438989950588647e-13,9.7384893533421e-15
5,3.851715555938787e-17,1.5685908809444797e-18
6,-2.4514313922373465e-21,1.0019334797893221e-22
