,par,err
0,1.4856920047738025,0.02322043905151148
1,-0.0005208520003047735,6.765834726821708e-05
2,1.0888668286583644e-06,7.863735611610201e-08
3,-6.566323916523613e-10,4.6545523891291567e-11
4,2.168053244553667e-13,1.4768221859373223e-14
5,-3.3318708133845093e-17,2.378736567705959e-18
6,1.936177971684588e-21,1.519412181279588e-22
