,par,err
0,0.8175248742583807,0.010847724483457999
1,0.001020412471734936,3.160744897245617e-05
2,-4.913879609582785e-07,3.673641803866788e-08
3,1.9369103539912632e-10,2.1744312970118607e-11
4,-3.832248193247771e-14,6.899154360910225e-15
5,5.82480401325589e-18,1.1112554897429832e-18
6,-4.326152337173054e-22,7.098116432393566e-23
