,par,err
0,2.4004626862829648,0.04024550775167875
1,-0.002186677330098384,0.0001172649994459501
2,2.490365527890788e-06,1.3629375728165847e-07
3,-1.2175465327854176e-09,8.067240916055857e-11
4,3.4860884612298125e-13,2.5596191708756035e-14
5,-4.8512737151895926e-17,4.122811973879526e-18
6,2.5982868107749615e-21,2.633436223042179e-22
