,par,err
0,0.6630922441179656,0.020268803270407705
1,0.001964783323261149,5.905802893353032e-05
2,-1.7041779993746641e-06,6.864143446245275e-08
3,9.239622128464117e-10,4.062891806244398e-11
4,-2.530001153755583e-13,1.2890965399718702e-14
5,3.718348453136745e-17,2.076364019380251e-18
6,-2.2367160769261458e-21,1.3262722186360595e-22
