,par,err
0,1.0305920406770985,0.016647018299955036
1,0.0016060972552065511,4.8505105188929965e-05
2,-1.6094365012531036e-06,5.6376096481699384e-08
3,1.0442870824098542e-09,3.336906685883339e-11
4,-3.1362012985479405e-13,1.0587523515585973e-14
5,4.985256551118304e-17,1.7053462285431308e-18
6,-3.1940619043836386e-21,1.089285824708288e-22
