,par,err
0,1.2692864252713778,0.013988373042453464
1,0.0009645314023791025,4.0758498196026105e-05
2,-9.205872042585268e-07,4.7372435132272604e-08
3,6.663405141872242e-10,2.8039789850254498e-11
4,-2.0189259335655548e-13,8.896620702943284e-15
5,3.29853683498771e-17,1.4329903070290181e-18
6,-2.1782050822424743e-21,9.153191070616863e-23
