,par,err
0,1.7389563984622145,0.015486458276652876
1,-0.0009301709712205798,4.512353031637371e-05
2,1.3960461448847472e-06,5.2445785518967623e-08
3,-7.630111313625625e-10,3.1042709909515983e-11
4,2.378807335633712e-13,9.84940329628139e-15
5,-3.511213300624267e-17,1.5864561216659817e-18
6,1.9689538519626314e-21,1.013344977315936e-22
