,par,err
0,0.44452958288274896,0.024110594536429022
1,0.002019730494303331,7.025201807574998e-05
2,-1.5475163879387832e-06,8.165189124394105e-08
3,7.53319582317914e-10,4.832982347557517e-11
4,-1.940555901789155e-13,1.533435298375926e-14
5,2.7339740935936346e-17,2.4699238626182468e-18
6,-1.5943963580050012e-21,1.5776577523899365e-22
