,par,err
0,2.2672040068060504,0.01677513697934791
1,-0.001725366063499444,4.887840729402945e-05
2,1.9768986411244432e-06,5.680997312806231e-08
3,-9.271851619324387e-10,3.3625878398306364e-11
4,2.6892656168028717e-13,1.0669006046022268e-14
5,-3.762112806037708e-17,1.7184707048760359e-18
6,2.003540782954772e-21,1.0976690434970598e-22
