,par,err
0,1.032643421792359,0.03881003630656106
1,0.0017212723356425797,0.00011308237075701614
2,-1.6829473434937212e-06,1.314323617993351e-07
3,1.0637722741865024e-09,7.779491577962557e-11
4,-2.9652881248932634e-13,2.4683196284510458e-14
5,4.348834177056519e-17,3.97575331418076e-18
6,-2.5861132118571767e-21,2.5395021347595786e-22
