,par,err
0,1.406855347877887,0.034752078715802194
1,0.00021968222951103432,0.00010125841989876101
2,2.4964333033019036e-08,1.1768964419991886e-07
3,5.562345393136958e-11,6.966056019861733e-11
4,-1.294773226651741e-14,2.2102274269946737e-14
5,3.373653518323277e-18,3.560039072410342e-18
6,-3.359047075378144e-22,2.2739640180565023e-22
