,par,err
0,0.7630714530094204,0.0321263113211984
1,0.0019477312552046557,9.360775387428436e-05
2,-1.8207848969233346e-06,1.0879760964142981e-07
3,1.0565407910628493e-09,6.43974096902164e-11
4,-3.0268691146129524e-13,2.0432369131035432e-14
5,4.571470950556106e-17,3.291068403466787e-18
6,-2.771548087719131e-21,2.1021621563087082e-22
