,par,err
0,0.648306114923756,0.023318257422805144
1,0.00199553040296557,6.794336181990296e-05
2,-1.7257609402375627e-06,7.89686181184661e-08
3,9.278124761689789e-10,4.6741598634227774e-11
4,-2.510146506506714e-13,1.4830434268055298e-14
5,3.6276316602372905e-17,2.3887573476844137e-18
6,-2.1401722619526632e-21,1.5258130237043264e-22
