,par,err
0,1.5740527954842554,0.011470178041350124
1,-0.0007357781441584592,3.3421125372479404e-05
2,1.2916948970672435e-06,3.88444123434854e-08
3,-7.511318236555108e-10,2.299204254825325e-11
4,2.3964765602714546e-13,7.295042752149093e-15
5,-3.600634834583344e-17,1.1750219698582605e-18
6,2.0542165293111896e-21,7.505424267282505e-23
