,par,err
0,2.0359208628401135,0.016651183065761507
1,-0.0009223704835588306,4.8517237312976395e-05
2,1.0832523415564251e-06,5.639019730733974e-08
3,-4.0445048007600503e-10,3.337741419463575e-11
4,1.195181422565902e-13,1.0590173098509623e-14
5,-1.589859822049259e-17,1.7057732840106347e-18
6,7.254629894471035e-22,1.0895588595962058e-22
