,par,err
0,0.8428372560392802,0.02962782045817352
1,0.0009460500125174561,8.632787867898355e-05
2,-4.0027469228470614e-07,1.0033651164475271e-07
3,1.3431507472693105e-10,5.938932880821126e-11
4,-1.6994824478981266e-14,1.8843391251959078e-14
5,1.9563654746564272e-18,3.0351315221312483e-18
6,-1.6620931243932682e-22,1.9386839568531565e-22
