,par,err
0,2.0728948149853887,0.019705063736757445
1,-0.0015885039893903947,5.741545432578059e-05
2,1.985320566376326e-06,6.673233531119422e-08
3,-1.027506687579608e-09,3.949893161018661e-11
4,3.0759287250586744e-13,1.2532440201060291e-14
5,-4.46011549389106e-17,2.018616344151791e-18
6,2.489987081947539e-21,1.2893862465436126e-22
