,par,err
0,1.1345970534295904,0.0254761828942998
1,0.001318957852720545,7.423101076921666e-05
2,-1.2851466841573348e-06,8.627658739985928e-08
3,8.524743313109688e-10,5.1067199906635934e-11
4,-2.5136874857973094e-13,1.6202886725283987e-14
5,3.9430158268806683e-17,2.6098201752215177e-18
6,-2.4869478047436927e-21,1.6670164248703917e-22
